Inspektions-ID;Videoname;Videozeitpunkt (h:min:sec);Meter ab Rohrbeginn;Schadenskürzel;Schadensbeschreibung;Rohrmaterial;Rohrprofil;Inspekteur-Name;Rohrhöhe (mm);Rohrbreite (mm);Kamera-Schwenkneigung (Grad);Kamera-Drehneigung (Grad);Videopfad;Videohash;Kmd-Pfad
110272;F4T1S_48540809.MPG;00:02:19;6.94;BCAAA;Abzweig, offen;Glasfaserverstärkter Kunststoff;Kreisprofil;Dorr/Alker;250;250;;;\\192.168.200.8\Datengrab\Dorr\Daten ab 04-2020\TV-Untersuchung\Gemeinde Rettenberg\Rettenberg, Kranzegg vom 25.08.-04.09.2020\Sichtversion 001\bin\F4T1S_48540809.MPG;594685503;\\192.168.200.8\Datengrab\Dorr\Daten ab 04-2020\TV-Untersuchung\Gemeinde Rettenberg\Rettenberg, Kranzegg vom 25.08.-04.09.2020\Sichtversion 001\bin\MESSDAT\Kranzegg\2020\F4T1S_48540809.kmd
97422;F4M92_33430101.MPG;00:09:08;6.37;BCAAA;Abzweig, offen;Steinzeug;Kreisprofil;Dorr/Möhring;150;150;;;\\192.168.200.8\Datengrab\Dorr\Daten ab 04-2016\TV-Untersuchung\Schulwerk der Diözese Augsburg\Kempten, Auf der Halde 29 vom 11.07.-14.07.2016\Sichtversion DVD 001\F4M92_33430101.MPG;405931745;\\192.168.200.8\Datengrab\Dorr\Daten ab 04-2016\TV-Untersuchung\Schulwerk der Diözese Augsburg\Kempten, Auf der Halde 29 vom 11.07.-14.07.2016\Sichtversion DVD 001\MESSDAT\KE_Facha\kademie\F4M92_33430101.kmd
130593;F211IQ30700111.MPG;00:05:23;23.34;BCAAA;Abzweig, offen;Beton;Kreisprofil;Dorr/Möhring;300;300;-102.0;244.0;\\192.168.200.8\Datengrab\Dorr\Daten ab 10-2ß15\TV-Untersuchung\Stadt Filderstadt\Filderstadt vom 28.09.-27.10.2015\Sichtversion 001\F211IQ30700111.MPG;945176291;\\192.168.200.8\Datengrab\Dorr\Daten ab 10-2ß15\TV-Untersuchung\Stadt Filderstadt\Filderstadt vom 28.09.-27.10.2015\Sichtversion 001\MESSDAT\Filderst\adt\F211IQ30700111.kmd
53013;F4O8H_37970309.MPG;00:02:56;14.13;BCAAA;Abzweig, offen;Steinzeug;Kreisprofil;Dorr/BeGü;200;200;;;\\192.168.200.8\Datengrab\Dorr\11-17-12-18\VG Buchloe\Jengen, Weicht vom 09.10.-30.10.2017\Originalfilme\F4O8H_37970309.MPG;4215631086;\\192.168.200.8\Datengrab\Dorr\11-17-12-18\VG Buchloe\Jengen, Weicht vom 09.10.-11.10.2017\Sichtversion 001\MESSDAT\Weicht_2\017\F4O8H_37970309.kmd
2042;FHXPF_46790603.MPG;00:10:53;44.06;BCAAA;Abzweig, offen;Polypropylen;Kreisprofil;Espig;150;150;;;\\192.168.200.8\Datengrab\Dorr\08-19-04-20\Fa. Ernst Höbel GmbH\Eriskirch, Im Lehen vom 09.03.2020\Sichtversion DVD 001\bin\FHXPF_46790603.MPG;473699602;\\192.168.200.8\Datengrab\Dorr\08-19-04-20\Fa. Ernst Höbel GmbH\Eriskirch, Im Lehen vom 09.03.2020\Sichtversion DVD 001\bin\MESSDAT\Höbel_Er\iskirch\FHXPF_46790603.kmd
1047;F4LYG_45760301.MPG;00:06:27;19.28;BCBZB;;Steinzeug;Kreisprofil;Dorr/BeGü;250;250;;;\\192.168.200.8\Datengrab\Dorr\08-19-04-20\Fa. Aarsleff Rohrsanierung GmbH\Kaufbeuren, Abnahmebefahrung vom 19.11.-02.12.2019\Sichtversion 001\bin\F4LYG_45760301.MPG;1802552917;\\192.168.200.8\Datengrab\Dorr\08-19-04-20\Fa. Aarsleff Rohrsanierung GmbH\Kaufbeuren, Abnahmebefahrung vom 19.11.-02.12.2019\Sichtversion 001\bin\MESSDAT\KFSanAbn\ahme\F4LYG_45760301.kmd
87107;F4110M2519080B.MPG;00:07:45;34.6;BCBZB;;Steinzeug;Kreisprofil;Dorr/Alker;250;250;;;\\192.168.200.8\Datengrab\Dorr\Daten ab 03-2014\TV-Untersuchung\Fa. Boehringer\Befahrungszyklus 1 vom 08.04.-29.04.2014\Sichtversion 001\F4110M2519080B.MPG;4259678267;
50793;F4UP5_4156080A.MPG;00:10:46;36.0;BCBZB;;Beton;Kreisförmig;Dorr/Alker;300;300;;;\\192.168.200.8\Datengrab\Dorr\11-17-12-18\Stadt Kirchheim u. Teck\2018\Kirchheim, EKVO Nabern 2017 vom 27.09.-23.10.2018\Sichtversion 001\F4UP5_4156080A.MPG;1322337101;\\192.168.200.8\Datengrab\Dorr\11-17-12-18\Stadt Kirchheim u. Teck\2018\Kirchheim, EKVO Nabern 2017 vom 27.09.-23.10.2018\Sichtversion 001\MESSDAT\Nabern20\18\F4UP5_4156080A.kmd
50820;F418XK41530813.MPG;00:02:42;7.0;BCBZB;;Beton;Kreisförmig;Dorr/Alker;250;250;;;\\192.168.200.8\Datengrab\Dorr\11-17-12-18\Stadt Kirchheim u. Teck\2018\Kirchheim, EKVO Nabern 2017 vom 27.09.-23.10.2018\Sichtversion 001\F418XK41530813.MPG;1788667186;\\192.168.200.8\Datengrab\Dorr\11-17-12-18\Stadt Kirchheim u. Teck\2018\Kirchheim, EKVO Nabern 2017 vom 27.09.-23.10.2018\Sichtversion 001\MESSDAT\Nabern20\18\F418XK41530813.kmd
35160;F4ZRX_38410307.MPG;00:04:17;8.08;BCBZB;;Steinzeug;Kreisprofil;Dorr/BeGü;250;250;;;\\192.168.200.8\Datengrab\Dorr\11-17-12-18\Fa. Max Bögl Stiftung & Co. KG\Schwangau, Kanalsanierung BA 1 vom 22.11.-04.12.2017\Sichtversion 001\F4ZRX_38410307.MPG;3031347360;\\192.168.200.8\Datengrab\Dorr\11-17-12-18\Fa. Max Bögl Stiftung & Co. KG\Schwangau, Kanalsanierung BA 1 vom 22.11.-04.12.2017\Sichtversion 001\MESSDAT\Max_Bögl\_2017\F4ZRX_38410307.kmd
94273;F4106P32440813.MPG;00:07:28;32.01;BACB;;Beton;Kreisprofil;Dorr/Alker;1000;1000;;;\\192.168.200.8\Datengrab\Dorr\Daten ab 04-2016\TV-Untersuchung\Gemeinde Mittelbiberach\Mittelbiberach vom 07.03.-01.05.2016\Sichtversion 001\F4106P32440813.MPG;947780400;
105579;F415FU47310308.MPG;00:16:22;27.4;BACB;;Beton;Kreisförmig;Stegnitz;150;150;;;\\192.168.200.8\Datengrab\Dorr\Daten ab 04-2020\TV-Untersuchung\Fa. Allgäu Airport GmbH\Memmingen, Allgäu Airport vom 27.04.-30.04.2020\Sichtversion 001\bin\F415FU47310308.MPG;3454152243;\\192.168.200.8\Datengrab\Dorr\Daten ab 04-2020\TV-Untersuchung\Fa. Allgäu Airport GmbH\Memmingen, Allgäu Airport vom 27.04.-30.04.2020\Sichtversion 001\bin\MESSDAT\Flughafe\n_MM\F415FU47310308.kmd
96230;F410D634770813.MPG;00:06:02;17.69;BACB;;Steinzeug;Kreisprofil;Dorr/Alker;250;250;;;\\192.168.200.8\Datengrab\Dorr\Daten ab 04-2016\TV-Untersuchung\KKU Kempten\EÜV Filmung vom 21.11.-20.12.2016\Sichtversion 001\F410D634770813.MPG;3006957212;
142991;F412GB29140112.MPG;00:04:01;23.8;BACB;;Polypropylen;Kreisförmig;Dorr/Möhring;100;100;;;\\192.168.200.8\Datengrab\Dorr\Daten ab 12-2014\TV-Untersuchung\ZAK Kempten\Kempten, Deponie-Ursulasried vom 11.05.-12.05.2015\Sichtversion DVD 001\F412GB29140112.MPG;3762706865;\\192.168.200.8\Datengrab\Dorr\Daten ab 12-2014\TV-Untersuchung\ZAK Kempten\Kempten, Deponie-Ursulasried vom 11.05.-12.05.2015\Sichtversion DVD 001\MESSDAT\KE_Depon\ie\F412GB29140112.kmd
31370;F4QRY_40310809.MPG;00:12:58;39.51;BACB;;Steinzeug;Kreisprofil;Dorr/Alker;250;250;;;\\192.168.200.8\Datengrab\Dorr\11-17-12-18\Fa. Diringer & Scheidel\Kempten, Sanierung Thingers vom 30.05.-06.06.2018\Sichtversion 001\F4QRY_40310809.MPG;386640337;\\192.168.200.8\Datengrab\Dorr\11-17-12-18\Fa. Diringer & Scheidel\Kempten, Sanierung Thingers vom 30.05.-06.06.2018\Sichtversion 001\MESSDAT\Diringer\KE\F4QRY_40310809.kmd
131769;_T2 2.11D__.mpg;00:11:08;53.05;BBBZ;;Stahlbeton;;Michael Gurschler;300;300;;;\\192.168.200.8\Datengrab\Dorr\Daten ab 10-2ß15\TV-Untersuchung\Stadt Ravensburg\Sammler Taldorf vom 12.10.-15.10.2015\Sichtung\Projects\Gebietsbefahrung Sammler Taldorf\Video\_T2 2.11D__.mpg;3791900340;
103434;_4514D08023636__.mpg;00:00:34;0.0;BBBZ;;Beton;Kreisprofil;Dorr/Gurschler;1800;1800;;;\\192.168.200.8\Datengrab\Dorr\Daten ab 04-2016\TV-Untersuchung\Stadt Wangen\Wangen im Allgäu, div. Ortsteile vom 11.08.-13.09.2016\Sichtversion 001\_4514D08023636__.mpg;3710791146;
109740;HSW0230I.MPG;00:09:54;40.99;BBBZ;;Steinzeug;Kreisprofil;Gurschler;250;250;;;\\192.168.200.8\Datengrab\Dorr\Daten ab 04-2020\TV-Untersuchung\Gemeinde Hagnau\Hagnau vom 20.07.-19.08.2020\Sichtversion 001\bin\HSW0230I.MPG;3704966333;\\192.168.200.8\Datengrab\Dorr\Daten ab 04-2020\TV-Untersuchung\Gemeinde Hagnau\Hagnau vom 20.07.-19.08.2020\Sichtversion 001\bin\MESSDAT\Hagnau20\20\HSW0230I.kmd
109692;HRW0530G.MPG;00:08:11;29.47;BBBZ;;Beton;Kreisprofil;Gurschler;300;300;;;\\192.168.200.8\Datengrab\Dorr\Daten ab 04-2020\TV-Untersuchung\Gemeinde Hagnau\Hagnau vom 20.07.-19.08.2020\Sichtversion 001\bin\HRW0530G.MPG;2354374432;\\192.168.200.8\Datengrab\Dorr\Daten ab 04-2020\TV-Untersuchung\Gemeinde Hagnau\Hagnau vom 20.07.-19.08.2020\Sichtversion 001\bin\MESSDAT\Hagnau20\20\HRW0530G.kmd
51468;AW 6.211G07032018.MPG;00:04:34;11.76;BBBZ;;Steinzeug;Kreisprofil;Gurschler;150;150;;;\\192.168.200.8\Datengrab\Dorr\11-17-12-18\Stadt Ravensburg\Ravensburg, Weststadt vom 05.03.-13.03.2018\digitale Filme\AW 6.211G07032018.MPG;807607268;\\192.168.200.8\Datengrab\Dorr\11-17-12-18\Stadt Ravensburg\Ravensburg, Weststadt vom 05.03.-13.03.2018\Sichtversion ohne Filme\MESSDAT\RV-Wests\tadt\AW 6.211G07032018.kmd
38491;F4OJV_39520201.MPG;00:11:54;13.7;BAO;;Beton;Kreisprofil;Dorr/Fazio;500;500;-48.0;279.0;\\192.168.200.8\Datengrab\Dorr\11-17-12-18\Gemeinde Seehausen\Seehausen vom 04.12.2017-28.05.2018\Sichtversion 001\F4OJV_39520201.MPG;2190998779;\\192.168.200.8\Datengrab\Dorr\11-17-12-18\Gemeinde Seehausen\Seehausen vom 04.12.2017-28.05.2018\Sichtversion 001\MESSDAT\Seehause\n2017\F4OJV_39520201.kmd
96243;F4OHQ_34770806.MPG;00:11:10;12.61;BAO;;Steinzeug;Kreisprofil;Dorr/Alker;250;250;;;\\192.168.200.8\Datengrab\Dorr\Daten ab 04-2016\TV-Untersuchung\KKU Kempten\EÜV Filmung vom 21.11.-20.12.2016\Sichtversion 001\F4OHQ_34770806.MPG;1431917199;
115070;F4MM1_47490803.MPG;00:06:36;43.63;BAO;;Beton;Kreisprofil;Dorr/Alker;250;250;;;\\192.168.200.8\Datengrab\Dorr\Daten ab 04-2020\TV-Untersuchung\Markt Weitnau\Weitnau, Kleinweiler-Hofen vom 11.05.-03.06.2020\Sichtversion 001\bin\F4MM1_47490803.MPG;923947830;\\192.168.200.8\Datengrab\Dorr\Daten ab 04-2020\TV-Untersuchung\Markt Weitnau\Weitnau, Kleinweiler-Hofen vom 11.05.-03.06.2020\Sichtversion 001\bin\MESSDAT\Weitnau2\020\F4MM1_47490803.kmd
53239;F4ZYS_41180502.MPG;00:05:43;20.6;BAO;;Beton;Kreisprofil;Dorr/Seidl;400;400;;;\\192.168.200.8\Datengrab\Dorr\11-17-12-18\VGEM Eggenthal\Eggenthal, Römerstrasse vom 27.08.2018\Sichtversion DVD 001\F4ZYS_41180502.MPG;1262502266;\\192.168.200.8\Datengrab\Dorr\11-17-12-18\VGEM Eggenthal\Eggenthal, Römerstrasse vom 27.08.2018\Sichtversion DVD 001\MESSDAT\Römerstr\12_Egge\F4ZYS_41180502.kmd
65670;S01256I.MPG;00:03:43;5.79;BAO;;Asbestzement;Kreisprofil;Dorr/BeGü;200;200;;;\\192.168.200.8\Datengrab\Dorr\12-18-08-19\GTL Lindau\Lindau, OT Aeschach & Reutin vom 15.10.-22.11.2018\Haltungen\SW-Kanal\S01256I.MPG;3364231836;\\192.168.200.8\Datengrab\Dorr\12-18-08-19\GTL Lindau\Lindau, OT Aeschach & Reutin vom 15.10.-22.11.2018\Sichtversion ohne Filme\MESSDAT\Lindau20\18\S01256I.kmd
92040;Neu2016_RW20-0014I.MPG;00:31:26;43.71;BAFJE;;Beton;Kreisprofil;Dorr/BeGü;300;300;;;\\192.168.200.8\Datengrab\Dorr\Daten ab 04-2016\TV-Untersuchung\AV Starnberger See\Starnberg RW-Kanal vom 09.11.-20.12.2016\Daten vom 09.11.-25.11.2016\Sichtversion 001\Neu2016_RW20-0014I.MPG;3645911735;\\192.168.200.8\Datengrab\Dorr\Daten ab 04-2016\TV-Untersuchung\AV Starnberger See\Starnberg RW-Kanal vom 09.11.-20.12.2016\Daten vom 09.11.-25.11.2016\Sichtversion 001\MESSDAT\Starnber\gRW2016\Neu2016_RW20-0014I.kmd
22705;H_55240150.mpg;00:09:13;40.4;BAFJE;;Stahlbeton;Kreisprofil;M.Mangold;300;300;;;\\192.168.200.8\Datengrab\Dorr\08-19-04-20\Stadt Tübingen\Tübingen EKVO2018 vom\Tübingen 2018~2F1\H_55240150.mpg;2085316619;
94768;F4TMG_33160209.MPG;00:12:59;32.2;BAFJE;;Beton;Kreisförmig;Dorr/Ziegler;600;600;;;\\192.168.200.8\Datengrab\Dorr\Daten ab 04-2016\TV-Untersuchung\Gemeinde Oberau\Oberau vom 13.06.-08.07.2016\Sichtversion 001\F4TMG_33160209.MPG;601737349;\\192.168.200.8\Datengrab\Dorr\Daten ab 04-2016\TV-Untersuchung\Gemeinde Oberau\Oberau vom 13.06.-08.07.2016\Sichtversion 001\MESSDAT\Oberau\F4TMG_33160209.kmd
6604;F412684560030E.MPG;00:00:31;0.0;BAFJE;;Beton;Rechteckprofil (geschlossen);Dorr/BeGü;1000;1000;;;\\192.168.200.8\Datengrab\Dorr\08-19-04-20\Gemeindewerke GAP\Garmisch-Partenkirchen, diverse Strassen vom 11.11.-12.11.2019\Sichtversion DVD 001\bin\F412684560030E.MPG;749538984;\\192.168.200.8\Datengrab\Dorr\08-19-04-20\Gemeindewerke GAP\Garmisch-Partenkirchen, diverse Strassen vom 11.11.-12.11.2019\Sichtversion DVD 001\bin\MESSDAT\Garmisch\2019\F412684560030E.kmd
122672;AS_MW_027I.MPG;00:10:11;35.06;BAFJE;;Stahlbeton;Kreisprofil;Dorr/Sfar;800;800;87.0;10.0;\\192.168.200.8\Datengrab\Dorr\Daten ab 04-2020\TV-Untersuchung\ZV Fuchstalgemeinden\Fuchstal, Asch vom 18.03.-09.04.2020 alt\Sichtversion 001\bin\AS_MW_027I.MPG;3155739342;\\192.168.200.8\Datengrab\Dorr\Daten ab 04-2020\TV-Untersuchung\ZV Fuchstalgemeinden\Fuchstal, Asch vom 18.03.-09.04.2020 alt\Sichtversion 001\bin\MESSDAT\Asch2020\AS_MW_027I.kmd
48875;F4LPL_41640500.MPG;00:03:15;4.83;BAAA;;Polypropylen;Kreisprofil;Dorr/Seidl;250;250;3.0;138.0;\\192.168.200.8\Datengrab\Dorr\11-17-12-18\Stadt Füssen, Tiefbau\Füssen, Faigeleweg vom 12.10.2018\Sichtversion DVD 001\F4LPL_41640500.MPG;1390366911;\\192.168.200.8\Datengrab\Dorr\11-17-12-18\Stadt Füssen, Tiefbau\Füssen, Faigeleweg vom 12.10.2018\Sichtversion DVD 001\MESSDAT\Faigelew\eg_Füss\F4LPL_41640500.kmd
2180;F4VVR_4511030F.MPG;00:03:42;13.87;BAAA;;Polyvinylchlorid;Kreisprofil;Dorr/BeGü;300;300;;;\\192.168.200.8\Datengrab\Dorr\08-19-04-20\Fa. J. Hebel GmbH & Co. KG\Gunzesried, Halden, Kreisstrasse OA 27 vom 23.09.-24.09.2019\Sichtversion DVD 001\bin\F4VVR_4511030F.MPG;2136438308;\\192.168.200.8\Datengrab\Dorr\08-19-04-20\Fa. J. Hebel GmbH & Co. KG\Gunzesried, Halden, Kreisstrasse OA 27 vom 23.09.-24.09.2019\Sichtversion DVD 001\bin\MESSDAT\Hebel_20\19\F4VVR_4511030F.kmd
56361;RLRK340I.MPG;00:08:58;18.54;BAAA;;Beton;Kreisprofil;Dorr/BeGü;300;300;;;\\192.168.200.8\Datengrab\Dorr\12-18-08-19\AV Bay. Bodenseegemeinden\Weißensberg vom 26.11.2018-05.03.2019\Sichtversion 001\RLRK340I.MPG;1128871884;\\192.168.200.8\Datengrab\Dorr\12-18-08-19\AV Bay. Bodenseegemeinden\Weißensberg vom 26.11.2018-05.03.2019\Sichtversion 001\MESSDAT\AW_Bosee\_18\RLRK340I.kmd
85909;74S0165I.MPG;00:06:27;34.42;BAAA;;Polyvinylchlorid;Kreisprofil;Dorr/Möhring;150;150;;;\\192.168.200.8\Datengrab\Dorr\3-17-11-17\AV Starnberger See\Tutzing 14.02.-16.05.2017\Tutzing Abschnitt 4, Monatshausen-Diemendorf vom 14.02.-01.03.2017\Sichtversion 001\74S0165I.MPG;191949444;\\192.168.200.8\Datengrab\Dorr\3-17-11-17\AV Starnberger See\Tutzing 14.02.-16.05.2017\Tutzing Abschnitt 4, Monatshausen-Diemendorf vom 14.02.-01.03.2017\Sichtversion 001\MESSDAT\TutzingA\bsch4\74S0165I.kmd
52060;F4W6X_41330506.MPG;00:14:07;54.6;BAAA;;Polypropylen;Kreisförmig;Dorr/Seidl;200;200;;;\\192.168.200.8\Datengrab\Dorr\11-17-12-18\Stadtwerke Füssen\Füssen, Weißensee vom 10.09.-17.09.2018\Sichtversion 001\F4W6X_41330506.MPG;3826224075;\\192.168.200.8\Datengrab\Dorr\11-17-12-18\Stadtwerke Füssen\Füssen, Weißensee vom 10.09.-17.09.2018\Sichtversion 001\MESSDAT\Füss_OT_\Weißen\F4W6X_41330506.kmd
28950;8-49.1.2ASLG100817.MPG;00:05:11;23.22;BCCAY;Krümmung der Leitung nach links;Polyethylen hoher Dichte;Kreisprofil;Dorr/Rinke;150;150;;;\\192.168.200.8\Datengrab\Dorr\11-17-12-18\Fa. Boehringer\2017\Boehringer Werksgelände, Geb. G71 vom 24.07.-05.12.2017\Sichtversion 001\8-49.1.2ASLG100817.MPG;1155854220;\\192.168.200.8\Datengrab\Dorr\11-17-12-18\Fa. Boehringer\2017\Boehringer Werksgelände, Geb. G71 vom 24.07.-05.12.2017\Sichtversion 001\MESSDAT\Boehring\2017_GS\8-49.1.2ASLG100817.kmd
61263;2018-06-26_12-34_0001.avi;00:02:43;6.43;BCCAY;Krümmung der Leitung nach links;Nichtidentifizierter Kunststoff;Kreisprofil;Dorr/Alker;100;100;;;\\192.168.200.8\Datengrab\Dorr\12-18-08-19\Fa. Karwendel-Werke Huber GmbH & Co. KG\Buchloe, Fallleitungen vom 21.06.-28.06.2018\Originaldoku WinCan\Karwendel_Fall\Misc\Exchange\2018-06-26_12-34_0001.avi;3274177440;
52040;F4T0S_41360503.MPG;00:03:38;5.3;BCCAY;Krümmung der Leitung nach links;Polypropylen;Kreisförmig;Dorr/Seidl;200;200;25.0;158.0;\\192.168.200.8\Datengrab\Dorr\11-17-12-18\Stadtwerke Füssen\Füssen, Weißensee vom 10.09.-17.09.2018\Sichtversion 001\F4T0S_41360503.MPG;2030103847;\\192.168.200.8\Datengrab\Dorr\11-17-12-18\Stadtwerke Füssen\Füssen, Weißensee vom 10.09.-17.09.2018\Sichtversion 001\MESSDAT\Füss_OT_\Weißen\F4T0S_41360503.kmd
85902;74S0170I.MPG;00:06:44;36.44;BCCAY;Krümmung der Leitung nach links;Polyvinylchlorid;Kreisprofil;Dorr/Möhring;150;150;;;\\192.168.200.8\Datengrab\Dorr\3-17-11-17\AV Starnberger See\Tutzing 14.02.-16.05.2017\Tutzing Abschnitt 4, Monatshausen-Diemendorf vom 14.02.-01.03.2017\Sichtversion 001\74S0170I.MPG;3624438515;\\192.168.200.8\Datengrab\Dorr\3-17-11-17\AV Starnberger See\Tutzing 14.02.-16.05.2017\Tutzing Abschnitt 4, Monatshausen-Diemendorf vom 14.02.-01.03.2017\Sichtversion 001\MESSDAT\TutzingA\bsch4\74S0170I.kmd
95490;F4ZBN_3373050B.MPG;00:10:28;10.29;BCCAY;Krümmung der Leitung nach links;Steinzeug;Kreisprofil;Dorr/Borys;100;100;;;\\192.168.200.8\Datengrab\Dorr\Daten ab 04-2016\TV-Untersuchung\Handwerkskammer Schwaben\Kempten, Kottener Strasse 39 vom 09.08.-11.08.2016\Sichtversion DVD 001\F4ZBN_3373050B.MPG;3978849847;\\192.168.200.8\Datengrab\Dorr\Daten ab 04-2016\TV-Untersuchung\Handwerkskammer Schwaben\Kempten, Kottener Strasse 39 vom 09.08.-11.08.2016\Sichtversion DVD 001\MESSDAT\HWK_Schw\aben\F4ZBN_3373050B.kmd
133723;F415G729290410.MPG;00:03:22;5.4;BCCBY;Krümmung der Leitung nach rechts;Steinzeug;Kreisprofil;Dorr/Rinke;150;150;;;\\192.168.200.8\Datengrab\Dorr\Daten ab 12-2014\TV-Untersuchung\Allgäu Airport GmbH & Co. KG\Memmingen, Allgäu Airport vom 26.05.-27.05.2015\Sichtversion DVD 002\F415G729290410.MPG;1352889034;\\192.168.200.8\Datengrab\Dorr\Daten ab 12-2014\TV-Untersuchung\Allgäu Airport GmbH & Co. KG\Memmingen, Allgäu Airport vom 26.05.-27.05.2015\Sichtversion DVD 002\MESSDAT\AllgäuAi\rport\F415G729290410.kmd
3818;F4X41_45730F0A.MPG;00:02:04;5.99;BCCBY;Krümmung der Leitung nach rechts;Steinzeug;Kreisprofil;Dorr/Pane;150;150;4.0;14.0;\\192.168.200.8\Datengrab\Dorr\08-19-04-20\Fa. Max Boegl\Pürgen vom 08.07..-17.12.2019\Sichtversion\bin\F4X41_45730F0A.MPG;1266140689;\\192.168.200.8\Datengrab\Dorr\08-19-04-20\Fa. Max Boegl\Pürgen vom 08.07..-17.12.2019\Sichtversion\bin\MESSDAT\Pürgen20\19\F4X41_45730F0A.kmd
35080;F4U4H_4063080C.MPG;00:01:00;2.83;BCCBY;Krümmung der Leitung nach rechts;Polypropylen;Kreisprofil;Dorr/Alker;150;150;;;\\192.168.200.8\Datengrab\Dorr\11-17-12-18\Fa. Lässer GmbH\Betzigau, OA 23 Südumfahrung vom 03.07.-04.07.2018\Sichtversion DVD 001\F4U4H_4063080C.MPG;1594155269;\\192.168.200.8\Datengrab\Dorr\11-17-12-18\Fa. Lässer GmbH\Betzigau, OA 23 Südumfahrung vom 03.07.-04.07.2018\Sichtversion DVD 001\MESSDAT\Lässer_B\etzigau\F4U4H_4063080C.kmd
111600;F4U4P_47420F0A.MPG;00:01:06;5.13;BCCBY;Krümmung der Leitung nach rechts;Steinzeug;Kreisprofil;Dorr/Pane;150;150;-16.0;1.0;\\192.168.200.8\Datengrab\Dorr\Daten ab 04-2020\TV-Untersuchung\Kaufmann Ingo\Kempten, St.-Gallener-Str. 28 vom 11.05.2020\Sichtversion DVD 001\bin\F4U4P_47420F0A.MPG;3199720829;\\192.168.200.8\Datengrab\Dorr\Daten ab 04-2020\TV-Untersuchung\Kaufmann Ingo\Kempten, St.-Gallener-Str. 28 vom 11.05.2020\Sichtversion DVD 001\bin\MESSDAT\Kaufmann\Ingo20\F4U4P_47420F0A.kmd
17241;F4NF3_33450401.MPG;00:02:08;13.1;BCCBY;Krümmung der Leitung nach rechts;Polyvinylchlorid;Kreisprofil;Dorr/Rinke;250;250;;;\\192.168.200.8\Datengrab\Dorr\08-19-04-20\Käserei Champignon\Lauben, Kemptener Strasse 17-24 vom 22.02.2016-04.02.2020\Sichtversion 001\bin\F4NF3_33450401.MPG;3098844645;\\192.168.200.8\Datengrab\Dorr\08-19-04-20\Käserei Champignon\Lauben, Kemptener Strasse 17-24 vom 22.02.2016-04.02.2020\Sichtversion 001\bin\MESSDAT\Heising_\Champ\F4NF3_33450401.kmd
78491;K 6.51I21052019.MPG;00:01:46;1.67;BDDA;Wasserspiegel klar (Sohle sichtbar);Beton;Kreisprofil;Gurschler;250;250;;;\\192.168.200.8\Datengrab\Dorr\12-18-08-19\Stadt Ravensburg\Ravensburg, Schussensiedlung vom 20.05.-27.05.2019\digitale Filme\K 6.51I21052019.MPG;3672361524;\\192.168.200.8\Datengrab\Dorr\12-18-08-19\Stadt Ravensburg\Ravensburg, Schussensiedlung vom 20.05.-27.05.2019\Sichtversion ohne Filme\MESSDAT\GASchuss\ensiedl\K 6.51I21052019.kmd
138489;F414WX3005030C.MPG;00:01:56;2.7;BDDA;Wasserspiegel klar (Sohle sichtbar);Stahlbeton;Kreisförmig;Dorr/BeGü;400;400;;;\\192.168.200.8\Datengrab\Dorr\Daten ab 12-2014\TV-Untersuchung\Stadt Altensteig\Altensteig vom 03.08.-17.09.2015\Sichtversion 001\F414WX3005030C.MPG;865300321;\\192.168.200.8\Datengrab\Dorr\Daten ab 12-2014\TV-Untersuchung\Stadt Altensteig\Altensteig vom 03.08.-17.09.2015\Sichtversion 001\MESSDAT\Altenste\ig2015\F414WX3005030C.kmd
82570;60R1360G.mpg;00:03:33;9.29;BDDA;Wasserspiegel klar (Sohle sichtbar);Steinzeug;Kreisprofil;G. Rottmair;250;250;;;\\192.168.200.8\Datengrab\Dorr\3-17-11-17\AV Starnberger See\Bernried vom 19.12.2016-02.06.2017\Bernried RW-Kanal vom 19.12.2016-03.05.2017\Sichtversion 001\60R1360G.mpg;3817221742;
25986;Neu2016_RW20_2030I.MPG;00:08:39;33.46;BDDA;Wasserspiegel klar (Sohle sichtbar);Polypropylen;Kreisprofil;Dorr/Seidl;300;300;11.0;97.0;\\192.168.200.8\Datengrab\Dorr\11-17-12-18\AV Starnberger See\Starnberg RW-Kanal\Starnberg RW-Kanal vom 09.11.2016.-14.12.2017\Sichtversion 001\Neu2016_RW20_2030I.MPG;1832575170;\\192.168.200.8\Datengrab\Dorr\11-17-12-18\AV Starnberger See\Starnberg RW-Kanal\Starnberg RW-Kanal vom 09.11.2016.-14.12.2017\Sichtversion 001\MESSDAT\Starnber\gRWneu\Neu2016_RW20_2030I.kmd
95345;F4WCF_34560309.MPG;00:03:14;7.38;BDDA;Wasserspiegel klar (Sohle sichtbar);Beton;Kreisprofil;Dorr/BeGü;250;250;;;\\192.168.200.8\Datengrab\Dorr\Daten ab 04-2016\TV-Untersuchung\Gemeinde Wildpoldsried\Wildpoldsried, diverse Strassen vom 27.10.-08.11.2016\Sichtversion 001\F4WCF_34560309.MPG;2483294069;\\192.168.200.8\Datengrab\Dorr\Daten ab 04-2016\TV-Untersuchung\Gemeinde Wildpoldsried\Wildpoldsried, diverse Strassen vom 27.10.-08.11.2016\Sichtversion 001\MESSDAT\Wildpold\2016\F4WCF_34560309.kmd
56332;RLRK375I.MPG;00:02:49;6.59;BBFA;;Stahlbeton;Kreisprofil;Dorr/BeGü;500;500;;;\\192.168.200.8\Datengrab\Dorr\12-18-08-19\AV Bay. Bodenseegemeinden\Weißensberg vom 26.11.2018-05.03.2019\Sichtversion 001\RLRK375I.MPG;1951794389;\\192.168.200.8\Datengrab\Dorr\12-18-08-19\AV Bay. Bodenseegemeinden\Weißensberg vom 26.11.2018-05.03.2019\Sichtversion 001\MESSDAT\AW_Bosee\_18\RLRK375I.kmd
26574;20R4510I.MPG;00:22:37;28.99;BBFA;;Beton;Kreisprofil;Dorr/BeGü;200;200;;;\\192.168.200.8\Datengrab\Dorr\11-17-12-18\AV Starnberger See\Starnberg RW-Kanal\Starnberg RW-Kanal vom 09.11.2016.-14.12.2017\Sichtversion 001\20R4510I.MPG;4182449890;\\192.168.200.8\Datengrab\Dorr\11-17-12-18\AV Starnberger See\Starnberg RW-Kanal\Starnberg RW-Kanal vom 09.11.2016.-14.12.2017\Sichtversion 001\MESSDAT\Starnber\gRWneu\20R4510I.kmd
108816;F4M0M_48750200.MPG;00:02:36;1.98;BBFA;;Beton;Kreisprofil;Dorr/ Akpinar;400;400;0.0;79.0;\\192.168.200.8\Datengrab\Dorr\Daten ab 04-2020\TV-Untersuchung\Fa. Schulz Tiefbau GmbH & Co. KG\A95 München-Garmisch vom 17.09.-25.09.2020\Sichtversion 001\bin\F4M0M_48750200.MPG;3834263136;\\192.168.200.8\Datengrab\Dorr\Daten ab 04-2020\TV-Untersuchung\Fa. Schulz Tiefbau GmbH & Co. KG\A95 München-Garmisch vom 17.09.-25.09.2020\Sichtversion 001\bin\MESSDAT\A952020\F4M0M_48750200.kmd
82916;60R3490G.mpg;00:14:07;26.08;BBFA;;Asbestzement;Kreisprofil;G. Rottmair;300;300;;;\\192.168.200.8\Datengrab\Dorr\3-17-11-17\AV Starnberger See\Bernried vom 19.12.2016-02.06.2017\Bernried RW-Kanal vom 19.12.2016-03.05.2017\Sichtversion 001\60R3490G.mpg;940953655;
131580;T1 10.60G03122015.MPG;00:16:05;30.01;BBFA;;Stahlbeton;Kreisprofil;Dorr/BeGü;600;600;;;\\192.168.200.8\Datengrab\Dorr\Daten ab 10-2ß15\TV-Untersuchung\Stadt Ravensburg\RV-Bavendorf vom 23.11.-08.12.2015\Sichtversion 001\T1 10.60G03122015.MPG;1022437884;\\192.168.200.8\Datengrab\Dorr\Daten ab 10-2ß15\TV-Untersuchung\Stadt Ravensburg\RV-Bavendorf vom 23.11.-08.12.2015\Sichtversion 001\MESSDAT\RV-Baven\dorf\T1 10.60G03122015.kmd
22843;H_55280500.mpg;00:05:41;7.8;BBAC;;Steinzeug;Kreisprofil;M.Mangold;300;300;;;\\192.168.200.8\Datengrab\Dorr\08-19-04-20\Stadt Tübingen\Tübingen EKVO2018 vom\Tübingen 2018~2F1\H_55280500.mpg;1682825144;
65926;R07733I.MPG;00:01:45;5.05;BBAC;;Beton;Kreisprofil;Gurschler;200;200;;;\\192.168.200.8\Datengrab\Dorr\12-18-08-19\GTL Lindau\Lindau, OT Hoyren & Reutin vom 27.02.-13.03.2019\Daten\Schachener Strasse SW + RW vom 26.02.-12.03.2019\Haltungen\R07733I.MPG;3671673062;\\192.168.200.8\Datengrab\Dorr\12-18-08-19\GTL Lindau\Lindau, OT Hoyren & Reutin vom 27.02.-13.03.2019\Daten\Schachener Strasse SW + RW vom 26.02.-12.03.2019\Sichtversion ohne Filme\MESSDAT\GTL2019\R07733I.kmd
23128;H_56290250.mpg;00:12:34;9.9;BBAC;;Steinzeug;Kreisprofil;M.Mangold;300;300;;;\\192.168.200.8\Datengrab\Dorr\08-19-04-20\Stadt Tübingen\Tübingen EKVO2018 vom\Tübingen 2018~2F1\H_56290250.mpg;1108047514;
109593;HRW1230I.MPG;00:02:56;3.01;BBAC;;Beton;Kreisprofil;Gurschler;500;500;;;\\192.168.200.8\Datengrab\Dorr\Daten ab 04-2020\TV-Untersuchung\Gemeinde Hagnau\Hagnau vom 20.07.-19.08.2020\Sichtversion 001\bin\HRW1230I.MPG;2460795278;\\192.168.200.8\Datengrab\Dorr\Daten ab 04-2020\TV-Untersuchung\Gemeinde Hagnau\Hagnau vom 20.07.-19.08.2020\Sichtversion 001\bin\MESSDAT\Hagnau20\20\HRW1230I.kmd
130625;F413273069060A.MPG;00:01:27;1.0;BBAC;;Steinzeug;Kreisprofil;Dorr/Espig;300;300;;;\\192.168.200.8\Datengrab\Dorr\Daten ab 10-2ß15\TV-Untersuchung\Stadt Filderstadt\Filderstadt vom 28.09.-27.10.2015\Sichtversion 001\F413273069060A.MPG;1230880921;\\192.168.200.8\Datengrab\Dorr\Daten ab 10-2ß15\TV-Untersuchung\Stadt Filderstadt\Filderstadt vom 28.09.-27.10.2015\Sichtversion 001\MESSDAT\Filderst\adt\F413273069060A.kmd
14415;F412DA4176080F.MPG;00:04:34;32.79;BCAEA;einfacher Anschluss - Loch gemeißelt, offen;Stahlbeton;Kreisprofil;Dorr/Alker;600;600;;;\\192.168.200.8\Datengrab\Dorr\08-19-04-20\KKU EÜV 2017\Kempten, EÜV 2017 vom 08.10.2018-02.05.2019\Daten Gesamt Neu\TV-Untersuchung\Sichtversion 001\bin\F412DA4176080F.MPG;127498797;\\192.168.200.8\Datengrab\Dorr\08-19-04-20\KKU EÜV 2017\Kempten, EÜV 2017 vom 08.10.2018-02.05.2019\Daten Gesamt Neu\TV-Untersuchung\Sichtversion 001\bin\MESSDAT\KKUEÜV20\17\F412DA4176080F.kmd
134129;F4PMT_29860501.MPG;00:18:01;28.84;BCAEA;einfacher Anschluss - Loch gemeißelt, offen;Beton;Kreisprofil;Dorr/Borys;250;250;-32.0;264.0;\\192.168.200.8\Datengrab\Dorr\Daten ab 12-2014\TV-Untersuchung\Diringer & Scheidel Rohrsanierung GmbH & Co. KG\Kaufbeuren 2015, vor Sanierung 14.07.-29.09.2015\Sichtversion 001\F4PMT_29860501.MPG;3812287148;\\192.168.200.8\Datengrab\Dorr\Daten ab 12-2014\TV-Untersuchung\Diringer & Scheidel Rohrsanierung GmbH & Co. KG\Kaufbeuren 2015, vor Sanierung 14.07.-29.09.2015\Sichtversion 001\MESSDAT\Stadt_KF\B\F4PMT_29860501.kmd
99556;F4L1G_32680800.MPG;00:13:18;43.3;BCAEA;einfacher Anschluss - Loch gemeißelt, offen;Beton;Kreisförmig;Dorr/Alker;400;400;;;\\192.168.200.8\Datengrab\Dorr\Daten ab 04-2016\TV-Untersuchung\Stadt Kirchheim u. Teck\2016\Kirchheim, Nabern vom 18.04.-28.04.2016\Sichtversion 001\F4L1G_32680800.MPG;1669519521;
111516;R04291G.MPG;00:01:11;1.71;BCAEA;einfacher Anschluss - Loch gemeißelt, offen;Beton;Kreisprofil;Dorr/ Sfar;400;400;221.0;173.0;\\192.168.200.8\Datengrab\Dorr\Daten ab 04-2020\TV-Untersuchung\GTL Lindau\Lindau, Zustandskontrolle vom 10.09.-15.09.2020\Sichtversion 001\bin\R04291G.MPG;23421933;\\192.168.200.8\Datengrab\Dorr\Daten ab 04-2020\TV-Untersuchung\GTL Lindau\Lindau, Zustandskontrolle vom 10.09.-15.09.2020\Sichtversion 001\bin\MESSDAT\Lindau20\20\R04291G.kmd
136382;F4VOE_3044060C.MPG;00:01:55;2.7;BCAEA;einfacher Anschluss - Loch gemeißelt, offen;Stahlbeton;Kreisprofil;Dorr/Karg;1300;1300;;;\\192.168.200.8\Datengrab\Dorr\Daten ab 12-2014\TV-Untersuchung\KKU 2015\Kempten vom 14.09.-25.09.2015\Sichtversion 001\F4VOE_3044060C.MPG;743018691;\\192.168.200.8\Datengrab\Dorr\Daten ab 12-2014\TV-Untersuchung\KKU 2015\Kempten vom 14.09.-25.09.2015\Sichtversion 001\MESSDAT\KKUEN201\5\F4VOE_3044060C.kmd
115016;F4Y9Y_47510811.MPG;00:04:56;15.99;BBCB;;Stahlbeton;Kreisprofil;Dorr/Alker;300;300;;;\\192.168.200.8\Datengrab\Dorr\Daten ab 04-2020\TV-Untersuchung\Markt Weitnau\Weitnau, Kleinweiler-Hofen vom 11.05.-03.06.2020\Sichtversion 001\bin\F4Y9Y_47510811.MPG;2128490017;\\192.168.200.8\Datengrab\Dorr\Daten ab 04-2020\TV-Untersuchung\Markt Weitnau\Weitnau, Kleinweiler-Hofen vom 11.05.-03.06.2020\Sichtversion 001\bin\MESSDAT\Weitnau2\020\F4Y9Y_47510811.kmd
33068;F4T1W_40650107.MPG;00:02:17;7.15;BBCB;;Polyvinylchlorid;Kreisprofil;Dorr/Möhring;150;150;;;\\192.168.200.8\Datengrab\Dorr\11-17-12-18\Fa. Hübner GmbH\Marktoberdorf, Sudetenstrasse 1 vom 05.07.-06.07.2018\Sichtversion DVD 001\F4T1W_40650107.MPG;3039950880;\\192.168.200.8\Datengrab\Dorr\11-17-12-18\Fa. Hübner GmbH\Marktoberdorf, Sudetenstrasse 1 vom 05.07.-06.07.2018\Sichtversion DVD 001\MESSDAT\C_Hübner\F4T1W_40650107.kmd
137821;F4LBM_29850100.MPG;00:01:45;12.68;BBCB;;Beton;Kreisprofil;Dorr/Möhring;250;250;-23.0;230.0;\\192.168.200.8\Datengrab\Dorr\Daten ab 12-2014\TV-Untersuchung\Staatliches HBA Karlsruhe\Karlsruhe, GF-Kaserne vom 20.07.-11.09.2015\Sichtversion 001\F4LBM_29850100.MPG;3934890926;\\192.168.200.8\Datengrab\Dorr\Daten ab 12-2014\TV-Untersuchung\Staatliches HBA Karlsruhe\Karlsruhe, GF-Kaserne vom 20.07.-11.09.2015\Sichtversion 001\MESSDAT\Stadt_Ka\rlsruhe\F4LBM_29850100.kmd
138102;F4TIH_30220305.MPG;00:08:12;34.3;BBCB;;Steinzeug;Kreisförmig;Dorr/BeGü;250;250;;;\\192.168.200.8\Datengrab\Dorr\Daten ab 12-2014\TV-Untersuchung\Stadt Altensteig\Altensteig vom 03.08.-17.09.2015\Sichtversion 001\F4TIH_30220305.MPG;1068758559;\\192.168.200.8\Datengrab\Dorr\Daten ab 12-2014\TV-Untersuchung\Stadt Altensteig\Altensteig vom 03.08.-17.09.2015\Sichtversion 001\MESSDAT\Altenste\ig2015\F4TIH_30220305.kmd
36654;F4X1P_40840206.MPG;00:02:46;24.13;BBCB;;Beton;Kreisprofil;Dorr/Fazio;500;500;42.0;163.0;\\192.168.200.8\Datengrab\Dorr\11-17-12-18\Gemeinde Riegsee\Aidling vom 11.06.-07.09.2018\Sichtversion 001\F4X1P_40840206.MPG;2360263863;\\192.168.200.8\Datengrab\Dorr\11-17-12-18\Gemeinde Riegsee\Aidling vom 11.06.-07.09.2018\Sichtversion 001\MESSDAT\Aidling2\018\F4X1P_40840206.kmd
20958;F4P1H_45550F00.MPG;00:02:42;6.01;BAIZ;;Beton;Kreisprofil;Dorr/Pane;300;300;;;\\192.168.200.8\Datengrab\Dorr\08-19-04-20\Staatliches Bauamt Weilheim\Schwaiganger\Sichtversion 001\F4P1H_45550F00.MPG;1273757884;
3368;F4US3_4500020A.MPG;00:03:15;17.92;BAIZ;;Beton;Kreisprofil;DORR/FAZIO;300;300;22.0;73.0;\\192.168.200.8\Datengrab\Dorr\08-19-04-20\Fa. Kutter GmbH\A95, Seeshaupt vom 06.09.-17.09.2019\Sichtversion 001\bin\F4US3_4500020A.MPG;714405074;\\192.168.200.8\Datengrab\Dorr\08-19-04-20\Fa. Kutter GmbH\A95, Seeshaupt vom 06.09.-17.09.2019\Sichtversion 001\bin\MESSDAT\A95_Sees\haupt\F4US3_4500020A.kmd
100547;ZW 1.46I07112016.mpg;00:08:36;17.93;BAIZ;;Beton;Kreisprofil;Michael Gurschler;300;300;;;\\192.168.200.8\Datengrab\Dorr\Daten ab 04-2016\TV-Untersuchung\Stadt Ravensburg\Ravensburg, Weststadt vom 22.09.-16.11.2016\digitale Filme\ZW 1.46I07112016.mpg;1725696495;
26573;20R4500AltG.MPG;00:14:20;5.77;BAIZ;;Beton;Kreisprofil;Dorr/BeGü;250;250;;;\\192.168.200.8\Datengrab\Dorr\11-17-12-18\AV Starnberger See\Starnberg RW-Kanal\Starnberg RW-Kanal vom 09.11.2016.-14.12.2017\Sichtversion 001\20R4500AltG.MPG;2741234871;\\192.168.200.8\Datengrab\Dorr\11-17-12-18\AV Starnberger See\Starnberg RW-Kanal\Starnberg RW-Kanal vom 09.11.2016.-14.12.2017\Sichtversion 001\MESSDAT\Starnber\gRWneu\20R4500AltG.kmd
95076;F4RO3_32540509.MPG;00:02:43;4.4;BAIZ;;Asbestzement;Kreisförmig;Dorr/Borys;300;300;55.0;122.0;\\192.168.200.8\Datengrab\Dorr\Daten ab 04-2016\TV-Untersuchung\Gemeinde Stetten\Stetten vom 14.04.2016\Sichtversion DVD 001\F4RO3_32540509.MPG;3805848806;\\192.168.200.8\Datengrab\Dorr\Daten ab 04-2016\TV-Untersuchung\Gemeinde Stetten\Stetten vom 14.04.2016\Sichtversion DVD 001\MESSDAT\Gem_Stet\te2016\F4RO3_32540509.kmd
85932;73S0040I.MPG;00:02:53;14.91;BDDC;Wasserspiegel trüb;Steinzeug;Kreisprofil;Dorr/Möhring;200;200;;;\\192.168.200.8\Datengrab\Dorr\3-17-11-17\AV Starnberger See\Tutzing 14.02.-16.05.2017\Tutzing Abschnitt 4, Monatshausen-Diemendorf vom 14.02.-01.03.2017\Sichtversion 001\73S0040I.MPG;2078103430;\\192.168.200.8\Datengrab\Dorr\3-17-11-17\AV Starnberger See\Tutzing 14.02.-16.05.2017\Tutzing Abschnitt 4, Monatshausen-Diemendorf vom 14.02.-01.03.2017\Sichtversion 001\MESSDAT\TutzingA\bsch4\73S0040I.kmd
78077;312E1G16072019.MPG;00:09:15;32.2;BDDC;Wasserspiegel trüb;Beton;Kreisprofil;Gurschler;500;500;;;\\192.168.200.8\Datengrab\Dorr\12-18-08-19\Stadt Ravensburg\Ravensburg, EKVO Eschach Süd vom 14.05.-30.07.2019\digitale Filme\312E1G16072019.MPG;2200671781;\\192.168.200.8\Datengrab\Dorr\12-18-08-19\Stadt Ravensburg\Ravensburg, EKVO Eschach Süd vom 14.05.-30.07.2019\Sichtversion ohne Filme\bin\MESSDAT\Ravensbu\rg2019\312E1G16072019.kmd
38564;F4VB6_3947030A.MPG;00:03:59;18.3;BDDC;Wasserspiegel trüb;Steinzeug;Kreisprofil;Dorr/BeGü;250;250;;;\\192.168.200.8\Datengrab\Dorr\11-17-12-18\Gemeinde Seehausen\Seehausen vom 04.12.2017-28.05.2018\Sichtversion 001\F4VB6_3947030A.MPG;2009704308;\\192.168.200.8\Datengrab\Dorr\11-17-12-18\Gemeinde Seehausen\Seehausen vom 04.12.2017-28.05.2018\Sichtversion 001\MESSDAT\Seehause\n2017\F4VB6_3947030A.kmd
78367;688E1G15052019.MPG;00:01:04;1.33;BDDC;Wasserspiegel trüb;Polyvinylchlorid;Kreisprofil;Gurschler;150;150;;;\\192.168.200.8\Datengrab\Dorr\12-18-08-19\Stadt Ravensburg\Ravensburg, EKVO Eschach Süd vom 14.05.-30.07.2019\digitale Filme\688E1G15052019.MPG;948111778;\\192.168.200.8\Datengrab\Dorr\12-18-08-19\Stadt Ravensburg\Ravensburg, EKVO Eschach Süd vom 14.05.-30.07.2019\Sichtversion ohne Filme\bin\MESSDAT\Ravensbu\rg2019\688E1G15052019.kmd
120085;40641450.MPG;00:01:09;1.6;BDDC;Wasserspiegel trüb;Steinzeug;Kreisförmig;Dorr/Akpinar;300;300;;;\\192.168.200.8\Datengrab\Dorr\Daten ab 04-2020\TV-Untersuchung\Stadt Erlangen\Daten KW26\Filme Sfar, Akpinar\40641450.MPG;1982996399;
142163;T2 24.30G17072015.MPG;00:05:04;3.92;BAJA;;Beton;Kreisprofil;Dorr/Alker;400;400;;;\\192.168.200.8\Datengrab\Dorr\Daten ab 12-2014\TV-Untersuchung\Stadt Ravensburg, Tiefbau\Ravensburg, Oberzell vom 14.07.-29.07.2015\Sichtversion 001\T2 24.30G17072015.MPG;1798147026;
100489;AW 5.14I10112016.mpg;00:01:20;1.59;BAJA;;Beton;Kreisprofil;Michael Gurschler;300;300;;;\\192.168.200.8\Datengrab\Dorr\Daten ab 04-2016\TV-Untersuchung\Stadt Ravensburg\Ravensburg, Weststadt vom 22.09.-16.11.2016\digitale Filme\AW 5.14I10112016.mpg;3688963959;
85913;73S0230AltI.MPG;00:01:52;2.43;BAJA;;Polyvinylchlorid;Kreisprofil;Dorr/Möhring;150;150;;;\\192.168.200.8\Datengrab\Dorr\3-17-11-17\AV Starnberger See\Tutzing 14.02.-16.05.2017\Tutzing Abschnitt 4, Monatshausen-Diemendorf vom 14.02.-01.03.2017\Sichtversion 001\73S0230AltI.MPG;1041304237;\\192.168.200.8\Datengrab\Dorr\3-17-11-17\AV Starnberger See\Tutzing 14.02.-16.05.2017\Tutzing Abschnitt 4, Monatshausen-Diemendorf vom 14.02.-01.03.2017\Sichtversion 001\MESSDAT\TutzingA\bsch4\73S0230AltI.kmd
140538;F4RIC_28960804.MPG;02:31:41;3.1;BAJA;;Stahlbeton;Kreisförmig;Dorr/Alker;600;600;;;\\192.168.200.8\Datengrab\Dorr\Daten ab 12-2014\TV-Untersuchung\Stadt Kirchheim Teck\2015\Kirchheim unter Teck, Kernstadt, Partielle Sanierung 2008 vom 21.04.-30.04.2015\Sichtversion 001\F4RIC_28960804.MPG;2258662549;
76151;F4R0N_44400109.MPG;00:04:20;10.55;BAJA;;Steinzeug;Kreisprofil;Dorr/Möhring;150;150;135.0;162.0;\\192.168.200.8\Datengrab\Dorr\12-18-08-19\Markt Sulzberg\Sulzberg, div Strassen vom 11.07.-16.07.2019\Sichtversion DVD 001\F4R0N_44400109.MPG;3079945302;\\192.168.200.8\Datengrab\Dorr\12-18-08-19\Markt Sulzberg\Sulzberg, div Strassen vom 11.07.-16.07.2019\Sichtversion DVD 001\MESSDAT\Sulzberg\F4R0N_44400109.kmd
99557;F417013267080D.MPG;00:07:23;20.5;BBFC;;Beton;Kreisförmig;Dorr/Alker;400;400;;;\\192.168.200.8\Datengrab\Dorr\Daten ab 04-2016\TV-Untersuchung\Stadt Kirchheim u. Teck\2016\Kirchheim, Nabern vom 18.04.-28.04.2016\Sichtversion 001\F417013267080D.MPG;38096180;
96020;F412US3491080F.MPG;00:21:45;54.18;BBFC;;Beton;Kreisprofil;Dorr/Alker;250;250;;;\\192.168.200.8\Datengrab\Dorr\Daten ab 04-2016\TV-Untersuchung\KKU Kempten\EÜV Filmung vom 21.11.-20.12.2016\Sichtversion 001\F412US3491080F.MPG;210170827;
78677;F4WFA_42110601.MPG;00:24:17;67.3;BBFC;;Beton;;Dorr/Espig;1750;1300;;;\\192.168.200.8\Datengrab\Dorr\12-18-08-19\Stadtentwässerung Augsburg\Augsburg, Begehung MW3 vom 22.08.-14.12.2018\Sichtversion 001\F4WFA_42110601.MPG;984986819;\\192.168.200.8\Datengrab\Dorr\12-18-08-19\Stadtentwässerung Augsburg\Augsburg, Begehung MW3 vom 22.08.-14.12.2018\Sichtversion 001\MESSDAT\Augsburg\2018\F4WFA_42110601.kmd
82726;60R2190I.mpg;00:13:48;33.79;BBFC;;Beton;Kreisprofil;G. Rottmair;250;250;;;\\192.168.200.8\Datengrab\Dorr\3-17-11-17\AV Starnberger See\Bernried vom 19.12.2016-02.06.2017\Bernried RW-Kanal vom 19.12.2016-03.05.2017\Sichtversion 001\60R2190I.mpg;3909528350;
15236;F4ST6_4335080C.MPG;00:04:44;15.18;BBFC;;Steinzeug;Kreisprofil;Dorr/Alker;250;250;;;\\192.168.200.8\Datengrab\Dorr\08-19-04-20\KKU EÜV 2018\Kempten, EÜV 2018 vom 11.03.-02.05.2019\Sichtversion DVD 001\F4ST6_4335080C.MPG;2889037844;\\192.168.200.8\Datengrab\Dorr\08-19-04-20\KKU EÜV 2018\Kempten, EÜV 2018 vom 11.03.-02.05.2019\Sichtversion DVD 001\MESSDAT\KKUEÜV20\18\F4ST6_4335080C.kmd
132501;_1233D__.mpg;00:02:23;3.66;BBCA;;Beton;;Michael Gurschler;600;600;;;\\192.168.200.8\Datengrab\Dorr\Daten ab 10-2ß15\TV-Untersuchung\Stadt Wangen\Wangen vom 07.09.-06.10.2015\Daten TV II\Sichtung\Projects\Stadt Wangen Innenstadt\Video\_1233D__.mpg;1262184407;
97161;F4VG4_33030301.MPG;00:03:05;18.18;BBCA;;Beton;Kreisprofil;Dorr/BeGü;600;600;;;\\192.168.200.8\Datengrab\Dorr\Daten ab 04-2016\TV-Untersuchung\Pansuevia GmbH & Co. KG\A8 Alt vom 13.04.-03.06.2016\Sichtversion 001\F4VG4_33030301.MPG;2308488981;\\192.168.200.8\Datengrab\Dorr\Daten ab 04-2016\TV-Untersuchung\Pansuevia GmbH & Co. KG\A8 Alt vom 13.04.-03.06.2016\Sichtversion 001\MESSDAT\Pansuevi\a_RW\F4VG4_33030301.kmd
93337;_OSRK80D08362828__.mpg;00:07:40;23.19;BBCA;;Glasfaserverstärkter Kunststoff;Kreisprofil;Michael Gurschler;300;300;;;\\192.168.200.8\Datengrab\Dorr\Daten ab 04-2016\TV-Untersuchung\Fa. Geiger Kanaltechnik GmbH & Co. KG\Osterzell, Sanierungsabnahme vom 21.11.-22.11.2016\Sichtversion 001\_OSRK80D08362828__.mpg;42245736;
35090;F4OIW_40630802.MPG;00:02:22;6.29;BBCA;;Stahl;Kreisprofil;Dorr/Alker;300;300;;;\\192.168.200.8\Datengrab\Dorr\11-17-12-18\Fa. Lässer GmbH\Betzigau, OA 23 Südumfahrung vom 03.07.-04.07.2018\Sichtversion DVD 001\F4OIW_40630802.MPG;3404753238;\\192.168.200.8\Datengrab\Dorr\11-17-12-18\Fa. Lässer GmbH\Betzigau, OA 23 Südumfahrung vom 03.07.-04.07.2018\Sichtversion DVD 001\MESSDAT\Lässer_B\etzigau\F4OIW_40630802.kmd
26223;20R0450G.MPG;00:02:06;5.75;BBCA;;Beton;Kreisprofil;Dorr/BeGü;300;300;;;\\192.168.200.8\Datengrab\Dorr\11-17-12-18\AV Starnberger See\Starnberg RW-Kanal\Starnberg RW-Kanal vom 09.11.2016.-14.12.2017\Sichtversion 001\20R0450G.MPG;1639883735;\\192.168.200.8\Datengrab\Dorr\11-17-12-18\AV Starnberger See\Starnberg RW-Kanal\Starnberg RW-Kanal vom 09.11.2016.-14.12.2017\Sichtversion 001\MESSDAT\Starnber\gRWneu\20R0450G.kmd
82615;60R1175I.mpg;00:05:21;16.37;BAHB;;Asbestzement;Kreisprofil;G. Rottmair;600;600;;;\\192.168.200.8\Datengrab\Dorr\3-17-11-17\AV Starnberger See\Bernried vom 19.12.2016-02.06.2017\Bernried RW-Kanal vom 19.12.2016-03.05.2017\Sichtversion 001\60R1175I.mpg;2226144745;
99655;F4115532580804.MPG;00:12:36;46.0;BAHB;;Stahlbeton;Kreisförmig;Dorr/Alker;300;300;;;\\192.168.200.8\Datengrab\Dorr\Daten ab 04-2016\TV-Untersuchung\Stadt Kirchheim u. Teck\2016\Kirchheim, Nabern vom 18.04.-28.04.2016\Sichtversion 001\F4115532580804.MPG;438808397;
26633;20R6460I.MPG;00:06:47;16.82;BAHB;;Beton;Kreisprofil;Dorr/BeGü;300;300;;;\\192.168.200.8\Datengrab\Dorr\11-17-12-18\AV Starnberger See\Starnberg RW-Kanal\Starnberg RW-Kanal vom 09.11.2016.-14.12.2017\Sichtversion 001\20R6460I.MPG;192621846;\\192.168.200.8\Datengrab\Dorr\11-17-12-18\AV Starnberger See\Starnberg RW-Kanal\Starnberg RW-Kanal vom 09.11.2016.-14.12.2017\Sichtversion 001\MESSDAT\Starnber\gRWneu\20R6460I.kmd
51091;F418R239160607.MPG;00:22:39;69.12;BAHB;;Beton;Eiprofil (H/B=3/2);Dorr/Spaiu;1350;900;;;\\192.168.200.8\Datengrab\Dorr\11-17-12-18\Stadt Marktoberdorf\Marktoberdorf, diverse Strassen vom 29.01.-03.04.2018\Sichtversion 001\F418R239160607.MPG;3379137808;\\192.168.200.8\Datengrab\Dorr\11-17-12-18\Stadt Marktoberdorf\Marktoberdorf, diverse Strassen vom 29.01.-03.04.2018\Sichtversion 001\MESSDAT\MOD_Samm\ler\F418R239160607.kmd
89225;Z S5.02I05082014.MPG;00:10:14;18.62;BAHB;;Beton;Kreisprofil;Dorr/Alker;250;250;;;\\192.168.200.8\Datengrab\Dorr\Daten ab 03-2014\TV-Untersuchung\Stadt Ravensburg\Ravensburg vom 04.08.-06.08.2014\Sichtversion DVD 001\Z S5.02I05082014.MPG;2075387857;
37730;6M0103_6M0103_6M0104_U_22112017_132628.mpg;00:01:23;2.36;BCACA;Sattelanschluss - Loch gemeißelt, offen;Beton;Kreisprofil;G. Rottmair;300;300;;;\\192.168.200.8\Datengrab\Dorr\11-17-12-18\Gemeinde Schemmerhofen\Schemmerberg, diverse Strassen vom 13.11.2017-03.05.2018\Sichtversion 001\6M0103_6M0103_6M0104_U_22112017_132628.mpg;1884879063;
87744;F210MN27040510.MPG;00:02:08;8.71;BCACA;Sattelanschluss - Loch gemeißelt, offen;Asbestzement;Kreisprofil;Dorr/Höhn;250;250;248.0;188.0;\\192.168.200.8\Datengrab\Dorr\Daten ab 03-2014\TV-Untersuchung\Gemeinde Baienfurt\Baienfurt vom 06.10.2014-17.10.2014\Sichtversion 001\F210MN27040510.MPG;2640507394;\\192.168.200.8\Datengrab\Dorr\Daten ab 03-2014\TV-Untersuchung\Gemeinde Baienfurt\Baienfurt vom 06.10.2014-17.10.2014\Sichtversion 001\MESSDAT\Baienfur\t\F210MN27040510.kmd
56112;S3484I.MPG;00:11:37;41.82;BCACA;Sattelanschluss - Loch gemeißelt, offen;Asbestzement;Kreisprofil;Dorr/Alker;250;250;;;\\192.168.200.8\Datengrab\Dorr\12-18-08-19\AV Bay. Bodenseegemeinden\Wasserburg vom 25.02.-21.03.2019\Sichtversion 001\S3484I.MPG;423007121;\\192.168.200.8\Datengrab\Dorr\12-18-08-19\AV Bay. Bodenseegemeinden\Wasserburg vom 25.02.-21.03.2019\Sichtversion 001\MESSDAT\Wasserbu\rg2019\S3484I.kmd
100491;AW 5.04G10112016.mpg;00:11:05;46.0;BCACA;Sattelanschluss - Loch gemeißelt, offen;Beton;Kreisprofil;Michael Gurschler;400;400;;;\\192.168.200.8\Datengrab\Dorr\Daten ab 04-2016\TV-Untersuchung\Stadt Ravensburg\Ravensburg, Weststadt vom 22.09.-16.11.2016\digitale Filme\AW 5.04G10112016.mpg;2760803623;
130939;F2RWA_3056010A.MPG;00:04:20;15.43;BCACA;Sattelanschluss - Loch gemeißelt, offen;Stahlbeton;Kreisprofil;Dorr/Möhring;400;400;-94.0;320.0;\\192.168.200.8\Datengrab\Dorr\Daten ab 10-2ß15\TV-Untersuchung\Stadt Filderstadt\Filderstadt vom 28.09.-27.10.2015\Sichtversion 001\F2RWA_3056010A.MPG;3219044012;\\192.168.200.8\Datengrab\Dorr\Daten ab 10-2ß15\TV-Untersuchung\Stadt Filderstadt\Filderstadt vom 28.09.-27.10.2015\Sichtversion 001\MESSDAT\Filderst\adt\F2RWA_3056010A.kmd
137951;F413LF3029030A.MPG;00:07:49;43.8;BCCYB;Krümmung der Leitung nach unten;Steinzeug;Kreisförmig;Dorr/BeGü;250;250;;;\\192.168.200.8\Datengrab\Dorr\Daten ab 12-2014\TV-Untersuchung\Stadt Altensteig\Altensteig vom 03.08.-17.09.2015\Sichtversion 001\F413LF3029030A.MPG;1802736649;\\192.168.200.8\Datengrab\Dorr\Daten ab 12-2014\TV-Untersuchung\Stadt Altensteig\Altensteig vom 03.08.-17.09.2015\Sichtversion 001\MESSDAT\Altenste\ig2015\F413LF3029030A.kmd
3750;F4R7G_45770F04.MPG;00:00:59;5.79;BCCYB;Krümmung der Leitung nach unten;Polyvinylchlorid;Kreisprofil;Dorr/Pane;150;150;18.0;0.0;\\192.168.200.8\Datengrab\Dorr\08-19-04-20\Fa. Max Boegl\Pürgen vom 08.07..-17.12.2019\Sichtversion\bin\F4R7G_45770F04.MPG;2922188194;\\192.168.200.8\Datengrab\Dorr\08-19-04-20\Fa. Max Boegl\Pürgen vom 08.07..-17.12.2019\Sichtversion\bin\MESSDAT\Pürgen20\19\F4R7G_45770F04.kmd
142074;T2 10.68I23072015.MPG;00:16:23;38.44;BCCYB;Krümmung der Leitung nach unten;Beton;Kreisprofil;Dorr/BeGü;300;300;;;\\192.168.200.8\Datengrab\Dorr\Daten ab 12-2014\TV-Untersuchung\Stadt Ravensburg, Tiefbau\Ravensburg, Oberzell vom 14.07.-29.07.2015\Sichtversion 001\T2 10.68I23072015.MPG;41251304;\\192.168.200.8\Datengrab\Dorr\Daten ab 12-2014\TV-Untersuchung\Stadt Ravensburg, Tiefbau\Ravensburg, Oberzell vom 14.07.-29.07.2015\Sichtversion 001\MESSDAT\Ravensbu\rg_Ober\T2 10.68I23072015.kmd
37763;6M0073_6M0073_6M0074_D_21112017_133858.mpg;00:02:47;32.91;BCCYB;Krümmung der Leitung nach unten;Polyvinylchlorid;Kreisprofil;G. Rottmair;250;250;;;\\192.168.200.8\Datengrab\Dorr\11-17-12-18\Gemeinde Schemmerhofen\Schemmerberg, diverse Strassen vom 13.11.2017-03.05.2018\Sichtversion 001\6M0073_6M0073_6M0074_D_21112017_133858.mpg;2100693667;
18641;F4ZB6_32870306.MPG;00:05:15;14.05;BCCYB;Krümmung der Leitung nach unten;Polyvinylchlorid;Kreisprofil;BeGü;100;100;;;\\192.168.200.8\Datengrab\Dorr\08-19-04-20\Käserei Champignon\Lauben, Kemptener Strasse 17-24 vom 22.02.2016-04.02.2020\Sichtversion 001\bin\F4ZB6_32870306.MPG;2338829825;\\192.168.200.8\Datengrab\Dorr\08-19-04-20\Käserei Champignon\Lauben, Kemptener Strasse 17-24 vom 22.02.2016-04.02.2020\Sichtversion 001\bin\MESSDAT\Heising_\Champ\F4ZB6_32870306.kmd
97079;F4UXK_33560305.MPG;00:01:40;1.41;BAFBE;;Steinzeug;Kreisprofil;Dorr/BeGü;250;250;;;\\192.168.200.8\Datengrab\Dorr\Daten ab 04-2016\TV-Untersuchung\Markt Oberstaufen\Oberstaufen, Thalkirchdorf vom 25.07.-03.08.2016\Sichtversion 001\F4UXK_33560305.MPG;2376430667;\\192.168.200.8\Datengrab\Dorr\Daten ab 04-2016\TV-Untersuchung\Markt Oberstaufen\Oberstaufen, Thalkirchdorf vom 25.07.-03.08.2016\Sichtversion 001\MESSDAT\Oberstau\fen2016\F4UXK_33560305.kmd
26459;26R0135G.MPG;00:04:12;1.77;BAFBE;;Beton;Kreisprofil;Dorr/BeGü;400;400;;;\\192.168.200.8\Datengrab\Dorr\11-17-12-18\AV Starnberger See\Starnberg RW-Kanal\Starnberg RW-Kanal vom 09.11.2016.-14.12.2017\Sichtversion 001\26R0135G.MPG;74328567;\\192.168.200.8\Datengrab\Dorr\11-17-12-18\AV Starnberger See\Starnberg RW-Kanal\Starnberg RW-Kanal vom 09.11.2016.-14.12.2017\Sichtversion 001\MESSDAT\Starnber\gRWneu\26R0135G.kmd
26778;20R1520AltI.MPG;00:20:19;37.68;BAFBE;;Beton;Kreisprofil;Dorr/BeGü;250;250;;;\\192.168.200.8\Datengrab\Dorr\11-17-12-18\AV Starnberger See\Starnberg RW-Kanal\Starnberg RW-Kanal vom 09.11.2016.-14.12.2017\Sichtversion 001\20R1520AltI.MPG;2374315338;\\192.168.200.8\Datengrab\Dorr\11-17-12-18\AV Starnberger See\Starnberg RW-Kanal\Starnberg RW-Kanal vom 09.11.2016.-14.12.2017\Sichtversion 001\MESSDAT\Starnber\gRWneu\20R1520AltI.kmd
97831;90944013G.mpg;00:06:35;43.92;BAFBE;;Steinzeug;Kreisprofil;Zuern;250;250;;;\\192.168.200.8\Datengrab\Dorr\Daten ab 04-2016\TV-Untersuchung\Stadt Heidenheim\Heidenheim, Mergelstetten vom 28.09.-17.10.2016\Sichtversion 001\90944013G.mpg;974489545;
51415;ZW 76.051I13032018.MPG;00:02:11;3.87;BAFBE;;Beton;Kreisprofil;Gurschler;400;400;;;\\192.168.200.8\Datengrab\Dorr\11-17-12-18\Stadt Ravensburg\Ravensburg, Weststadt vom 05.03.-13.03.2018\digitale Filme\ZW 76.051I13032018.MPG;1734040500;\\192.168.200.8\Datengrab\Dorr\11-17-12-18\Stadt Ravensburg\Ravensburg, Weststadt vom 05.03.-13.03.2018\Sichtversion ohne Filme\MESSDAT\RV-Wests\tadt\ZW 76.051I13032018.kmd
100553;AW 1.20G27102016.mpg;00:19:27;60.68;BAFAE;;Stahlbeton;Kreisprofil;Michael Gurschler;600;600;;;\\192.168.200.8\Datengrab\Dorr\Daten ab 04-2016\TV-Untersuchung\Stadt Ravensburg\Ravensburg, Weststadt vom 22.09.-16.11.2016\digitale Filme\AW 1.20G27102016.mpg;1737298838;
103515;_19013D08573333__.mpg;00:03:16;6.8;BAFAE;;Beton;Kreisprofil;Dorr/Gurschler;600;600;;;\\192.168.200.8\Datengrab\Dorr\Daten ab 04-2016\TV-Untersuchung\Stadt Wangen\Wangen im Allgäu, div. Ortsteile vom 11.08.-13.09.2016\Sichtversion 001\_19013D08573333__.mpg;662725375;
139874;F417813042051A.MPG;00:05:36;8.53;BAFAE;;Stahlbeton;Kreisprofil;Dorr/Borys;300;300;;;\\192.168.200.8\Datengrab\Dorr\Daten ab 12-2014\TV-Untersuchung\Stadt Kaufbeuren, Entsorgung\DVD 249\KF, Hartmähderweg vom 16.09.-17.09.2015\Haltungen\F417813042051A.MPG;2183097445;
132162;F4Y5C_30560307.MPG;00:01:37;0.0;BAFAE;;Stahlbeton;Kreisprofil;Dorr/Stegnitz;400;400;;;\\192.168.200.8\Datengrab\Dorr\Daten ab 10-2ß15\TV-Untersuchung\Stadt Vöhringen\Sichtversion 001\F4Y5C_30560307.MPG;1375381604;\\192.168.200.8\Datengrab\Dorr\Daten ab 10-2ß15\TV-Untersuchung\Stadt Vöhringen\Sichtversion 001\MESSDAT\Vöhringe\n2015\F4Y5C_30560307.kmd
140493;F417T229010810.MPG;03:36:18;13.0;BAFAE;;Stahlbeton;Kreisförmig;Dorr/Alker;400;400;;;\\192.168.200.8\Datengrab\Dorr\Daten ab 12-2014\TV-Untersuchung\Stadt Kirchheim Teck\2015\Kirchheim unter Teck, Kernstadt, Partielle Sanierung 2008 vom 21.04.-30.04.2015\Sichtversion 001\F417T229010810.MPG;1626919298;
15229;F4ZQC_43350813.MPG;00:01:20;1.84;BCAAB;Abzweig, geschlossen;Steinzeug;Kreisprofil;Dorr/Alker;200;200;;;\\192.168.200.8\Datengrab\Dorr\08-19-04-20\KKU EÜV 2018\Kempten, EÜV 2018 vom 11.03.-02.05.2019\Sichtversion DVD 001\F4ZQC_43350813.MPG;1865270010;\\192.168.200.8\Datengrab\Dorr\08-19-04-20\KKU EÜV 2018\Kempten, EÜV 2018 vom 11.03.-02.05.2019\Sichtversion DVD 001\MESSDAT\KKUEÜV20\18\F4ZQC_43350813.kmd
86791;F4174L2545050D.MPG;00:02:02;10.3;BCAAB;Abzweig, geschlossen;Steinzeug;;Dorr/Höhn;150;150;-18.0;287.0;\\192.168.200.8\Datengrab\Dorr\Daten ab 03-2014\TV-Untersuchung\Bad Feilnbach\TV-Untersuchung vom 05.05.-15.05.2014\Sichtversion 001\F4174L2545050D.MPG;1958253926;\\192.168.200.8\Datengrab\Dorr\Daten ab 03-2014\TV-Untersuchung\Bad Feilnbach\TV-Untersuchung vom 05.05.-15.05.2014\Sichtversion 001\MESSDAT\Bad_Feil\nbach_H\F4174L2545050D.kmd
82570;60R1360G.mpg;00:06:43;18.39;BCAAB;Abzweig, geschlossen;Steinzeug;Kreisprofil;G. Rottmair;250;250;;;\\192.168.200.8\Datengrab\Dorr\3-17-11-17\AV Starnberger See\Bernried vom 19.12.2016-02.06.2017\Bernried RW-Kanal vom 19.12.2016-03.05.2017\Sichtversion 001\60R1360G.mpg;3817221742;
89179;A 2.441G04082014.MPG;00:01:59;3.4;BCAAB;Abzweig, geschlossen;Polypropylen;Kreisprofil;Dorr/Alker;400;400;;;\\192.168.200.8\Datengrab\Dorr\Daten ab 03-2014\TV-Untersuchung\Stadt Ravensburg\Ravensburg vom 04.08.-06.08.2014\Sichtversion DVD 001\A 2.441G04082014.MPG;1320426359;
23040;H_56280060.mpg;00:02:39;14.1;BCAAB;Abzweig, geschlossen;Steinzeug;Kreisprofil;M.Mangold;300;300;;;\\192.168.200.8\Datengrab\Dorr\08-19-04-20\Stadt Tübingen\Tübingen EKVO2018 vom\Tübingen 2018~2F1\H_56280060.mpg;2888769511;
38886;F413D438550207.MPG;00:01:38;1.65;BBAB;;Polyvinylchlorid;Kreisprofil;Dorr/Fazio;200;200;220.0;163.0;\\192.168.200.8\Datengrab\Dorr\11-17-12-18\Gemeinde Seehausen\Seehausen vom 04.12.2017-28.05.2018\Sichtversion 001\F413D438550207.MPG;3447604803;\\192.168.200.8\Datengrab\Dorr\11-17-12-18\Gemeinde Seehausen\Seehausen vom 04.12.2017-28.05.2018\Sichtversion 001\MESSDAT\Seehause\n2017\F413D438550207.kmd
77508;F4ORP_42300500.MPG;00:11:52;49.32;BBAB;;Beton;Kreisprofil;Dorr/Meier;300;300;;;\\192.168.200.8\Datengrab\Dorr\12-18-08-19\Stadt Kaufbeuren, Entsorgung\DVD 326\Kaufbeuren, Silberstrasse vom 17.12.2018\Haltungen\F4ORP_42300500.MPG;257334376;
26307;21R2680G.MPG;00:05:19;19.01;BBAB;;Beton;Kreisprofil;Dorr/Alker;300;300;;;\\192.168.200.8\Datengrab\Dorr\11-17-12-18\AV Starnberger See\Starnberg RW-Kanal\Starnberg RW-Kanal vom 09.11.2016.-14.12.2017\Sichtversion 001\21R2680G.MPG;1392464326;
123938;F412653218030A.MPG;00:01:28;0.59;BBAB;;Asbestzement;Kreisprofil;Dorr/BeGü;200;200;;;\\192.168.200.8\Datengrab\Dorr\Daten ab 10-2ß15\TV-Untersuchung\Bayerische Bodenseegemeinden\Weißensberg vom 15.02.-21.03.2016\Sichtversion 001\F412653218030A.MPG;2282938632;\\192.168.200.8\Datengrab\Dorr\Daten ab 10-2ß15\TV-Untersuchung\Bayerische Bodenseegemeinden\Weißensberg vom 15.02.-21.03.2016\Sichtversion 001\MESSDAT\AwV-b-Bo\densee\F412653218030A.kmd
66112;H_S 4.mpg;00:02:17;4.3;BBAB;;Steinzeug;;Friedrich Marcus;150;150;;;\\192.168.200.8\Datengrab\Dorr\12-18-08-19\Joos Oliver\TV-Untersuchung\Maurer - Sonthofen, Metzelerstr. 21 - 25\DVD_001\H_S 4.mpg;2438496070;
89987;F4WUH_32730307.MPG;00:03:27;9.56;BCADA;einfacher Anschluss - Loch gebohrt, offen;Beton;Kreisprofil;Dorr/BeGü;700;700;;;\\192.168.200.8\Datengrab\Dorr\Daten ab 04-2016\TV-Untersuchung\Abd Südbayern\A7 Vöhringen vom 18.04.-11.05.2016\Sichtversion 001\F4WUH_32730307.MPG;3974371949;\\192.168.200.8\Datengrab\Dorr\Daten ab 04-2016\TV-Untersuchung\Abd Südbayern\A7 Vöhringen vom 18.04.-11.05.2016\Sichtversion 001\MESSDAT\Abd_Sued\bayern\F4WUH_32730307.kmd
131523;T1 20.56I07122015.MPG;00:02:52;3.69;BCADA;einfacher Anschluss - Loch gebohrt, offen;Stahlbeton;Kreisprofil;Dorr/BeGü;300;300;;;\\192.168.200.8\Datengrab\Dorr\Daten ab 10-2ß15\TV-Untersuchung\Stadt Ravensburg\RV-Bavendorf vom 23.11.-08.12.2015\Sichtversion 001\T1 20.56I07122015.MPG;3302936326;\\192.168.200.8\Datengrab\Dorr\Daten ab 10-2ß15\TV-Untersuchung\Stadt Ravensburg\RV-Bavendorf vom 23.11.-08.12.2015\Sichtversion 001\MESSDAT\RV-Baven\dorf\T1 20.56I07122015.kmd
51723;F4WR6_41260308.MPG;00:02:22;23.41;BCADA;einfacher Anschluss - Loch gebohrt, offen;Beton;Kreisprofil;Dorr/BeGü;300;300;;;\\192.168.200.8\Datengrab\Dorr\11-17-12-18\Stadt Wangen\Wangen vom 04.09.-19.09.2018\Sichtversion 001\F4WR6_41260308.MPG;20617997;\\192.168.200.8\Datengrab\Dorr\11-17-12-18\Stadt Wangen\Wangen vom 04.09.-19.09.2018\Sichtversion 001\MESSDAT\Wangen20\18\F4WR6_41260308.kmd
84869;20S1185G.MPG;00:05:04;28.8;BCADA;einfacher Anschluss - Loch gebohrt, offen;Nichtidentifizierter Kunststoff;Kreisprofil;Dorr/Seidl;300;300;-87.0;256.0;\\192.168.200.8\Datengrab\Dorr\3-17-11-17\AV Starnberger See\Tiefzone vom 20.04.-31.08.2017\Tiefzone Plan 5 vom 18.05.-07.06.2017\Sichtversion 001\20S1185G.MPG;4035134064;\\192.168.200.8\Datengrab\Dorr\3-17-11-17\AV Starnberger See\Tiefzone vom 20.04.-31.08.2017\Tiefzone Plan 5 vom 18.05.-07.06.2017\Sichtversion 001\MESSDAT\Tiefzone\_Pl5\20S1185G.kmd
111501;S02594I.MPG;00:01:58;18.28;BCADA;einfacher Anschluss - Loch gebohrt, offen;Asbestzement;Kreisprofil;DorrBeGü;500;500;;;\\192.168.200.8\Datengrab\Dorr\Daten ab 04-2020\TV-Untersuchung\GTL Lindau\Lindau, Schachensammler vom 14.04.-20.04.2020\Haltungen\S02594I.MPG;3074098091;\\192.168.200.8\Datengrab\Dorr\Daten ab 04-2020\TV-Untersuchung\GTL Lindau\Lindau, Schachensammler vom 14.04.-20.04.2020\Sichtversion ohne Filme\bin\MESSDAT\Lindau20\20\S02594I.kmd
132272;1205I.MPG;00:34:23;53.36;BAHC;;Duktiles Gusseisen;Kreisprofil;Dorr/Seif;500;500;;;\\192.168.200.8\Datengrab\Dorr\Daten ab 10-2ß15\TV-Untersuchung\Stadt Wangen\Wangen vom 07.09.-06.10.2015\Daten TV I\Sichtversion 001\1205I.MPG;920938844;
88289;F4RA7_24620100.MPG;00:15:36;55.84;BAHC;;Stahlbeton;;Dorr/Möhring;1120;1120;49.0;114.0;\\192.168.200.8\Datengrab\Dorr\Daten ab 03-2014\TV-Untersuchung\KF2013, Nachuntersuchung\Filme Nachuntersuchung\F4RA7_24620100.MPG;1834972499;\\192.168.200.8\Datengrab\Dorr\Daten ab 03-2014\TV-Untersuchung\KF2013, Nachuntersuchung\Sichtversion\MESSDAT\KF2013\F4RA7_24620100.kmd
56206;R004276I.MPG;00:05:04;12.46;BAHC;;Beton;Kreisprofil;Dorr/Alker;300;300;;;\\192.168.200.8\Datengrab\Dorr\12-18-08-19\AV Bay. Bodenseegemeinden\Wasserburg vom 25.02.-21.03.2019\Sichtversion 001\R004276I.MPG;4273780671;\\192.168.200.8\Datengrab\Dorr\12-18-08-19\AV Bay. Bodenseegemeinden\Wasserburg vom 25.02.-21.03.2019\Sichtversion 001\MESSDAT\Wasserbu\rg2019\R004276I.kmd
103686;F411YO3303020B.MPG;00:09:42;21.9;BAHC;;Beton;Kreisförmig;Dorr/Ziegler;200;200;;;\\192.168.200.8\Datengrab\Dorr\Daten ab 04-2016\TV-Untersuchung\Stadtwerke Füssen\Weißensee vom 23.05.-10.06.2016\Sichtversion 001\F411YO3303020B.MPG;4265857914;\\192.168.200.8\Datengrab\Dorr\Daten ab 04-2016\TV-Untersuchung\Stadtwerke Füssen\Weißensee vom 23.05.-10.06.2016\Sichtversion 001\MESSDAT\weißense\e1\F411YO3303020B.kmd
26814;29R0310I.MPG;00:06:25;5.35;BAHC;;Stahlbeton;Kreisprofil;Dorr/TiGo;1600;1600;;;\\192.168.200.8\Datengrab\Dorr\11-17-12-18\AV Starnberger See\Starnberg RW-Kanal\Starnberg RW-Kanal vom 09.11.2016.-14.12.2017\Sichtversion 001\29R0310I.MPG;1988869993;\\192.168.200.8\Datengrab\Dorr\11-17-12-18\AV Starnberger See\Starnberg RW-Kanal\Starnberg RW-Kanal vom 09.11.2016.-14.12.2017\Sichtversion 001\MESSDAT\Starnber\gRWneu\29R0310I.kmd
90144;F410PE32590317.MPG;00:03:23;17.54;BBBA;;Beton;Kreisprofil;Dorr/BeGü;400;400;;;\\192.168.200.8\Datengrab\Dorr\Daten ab 04-2016\TV-Untersuchung\Abd Südbayern\A7 Vöhringen vom 18.04.-11.05.2016\Sichtversion 001\F410PE32590317.MPG;3363194934;\\192.168.200.8\Datengrab\Dorr\Daten ab 04-2016\TV-Untersuchung\Abd Südbayern\A7 Vöhringen vom 18.04.-11.05.2016\Sichtversion 001\MESSDAT\Abd_Sued\bayern\F410PE32590317.kmd
79619;F4TUC_3736020B.MPG;00:01:01;0.01;BBBA;;Beton;Kreisprofil;Dorr/BeGü;300;300;218.0;163.0;\\192.168.200.8\Datengrab\Dorr\3-17-11-17\Abd Südbayern\A7 Vöhringen vom 26.06.-24.08.2017\Sichtversion 001\F4TUC_3736020B.MPG;115865789;\\192.168.200.8\Datengrab\Dorr\3-17-11-17\Abd Südbayern\A7 Vöhringen vom 26.06.-24.08.2017\Sichtversion 001\MESSDAT\Abd_Sued\bayern\F4TUC_3736020B.kmd
26415;NEU2016_20RW_0100I.MPG;00:02:57;7.07;BBBA;;Beton;Kreisprofil;Dorr/Alker;400;400;;;\\192.168.200.8\Datengrab\Dorr\11-17-12-18\AV Starnberger See\Starnberg RW-Kanal\Starnberg RW-Kanal vom 09.11.2016.-14.12.2017\Sichtversion 001\NEU2016_20RW_0100I.MPG;3246700265;
36667;F4XY7_4083020A.MPG;00:02:23;9.41;BBBA;;Beton;Kreisprofil;Dorr/Fazio;600;600;-64.0;218.0;\\192.168.200.8\Datengrab\Dorr\11-17-12-18\Gemeinde Riegsee\Aidling vom 11.06.-07.09.2018\Sichtversion 001\F4XY7_4083020A.MPG;4075595049;\\192.168.200.8\Datengrab\Dorr\11-17-12-18\Gemeinde Riegsee\Aidling vom 11.06.-07.09.2018\Sichtversion 001\MESSDAT\Aidling2\018\F4XY7_4083020A.kmd
55585;F4ZH9_3755030D.MPG;00:00:33;0.0;BBBA;;Beton;Kreisprofil;Dorr/BeGü;300;300;;;\\192.168.200.8\Datengrab\Dorr\12-18-08-19\Abd Südbayern\München-Lindau, A96 vom 28.08.-15.09.2017\Sichtversion 001\F4ZH9_3755030D.MPG;256584029;\\192.168.200.8\Datengrab\Dorr\12-18-08-19\Abd Südbayern\München-Lindau, A96 vom 28.08.-15.09.2017\Sichtversion 001\MESSDAT\A96_2017\F4ZH9_3755030D.kmd
3340;F413L045030213.MPG;00:02:42;19.03;BBCC;;Beton;Kreisprofil;DORR/FAZIO;400;400;15.0;66.0;\\192.168.200.8\Datengrab\Dorr\08-19-04-20\Fa. Kutter GmbH\A95, Seeshaupt vom 06.09.-17.09.2019\Sichtversion 001\bin\F413L045030213.MPG;2272651533;\\192.168.200.8\Datengrab\Dorr\08-19-04-20\Fa. Kutter GmbH\A95, Seeshaupt vom 06.09.-17.09.2019\Sichtversion 001\bin\MESSDAT\A95_Sees\haupt\F413L045030213.kmd
55776;T2530I.MPG;00:01:25;2.87;BBCC;;Asbestzement;Kreisprofil;Dorr/BeGü;400;400;;;\\192.168.200.8\Datengrab\Dorr\12-18-08-19\AV Bay. Bodenseegemeinden\Bodolz vom 17.12.2018-22.03.2019\Sichtversion 001\T2530I.MPG;2607355852;\\192.168.200.8\Datengrab\Dorr\12-18-08-19\AV Bay. Bodenseegemeinden\Bodolz vom 17.12.2018-22.03.2019\Sichtversion 001\MESSDAT\Bodolz_2\018\T2530I.kmd
24492;F49AR_4029010C.MPG;00:00:58;0.0;BBCC;;Stahlbeton;Kreisprofil;Dorr/Möhring;400;400;;;\\192.168.200.8\Datengrab\Dorr\11-17-12-18\AM Wangen\A96, Tunnel Herfatz vom 29.05.-30.05.2018\Sichtversion DVD 001\F49AR_4029010C.MPG;3791963604;\\192.168.200.8\Datengrab\Dorr\11-17-12-18\AM Wangen\A96, Tunnel Herfatz vom 29.05.-30.05.2018\Sichtversion DVD 001\MESSDAT\A96-Herf\atz\F49AR_4029010C.kmd
20121;F4MSY_45610202.MPG;00:07:21;41.48;BBCC;;Steinzeug;Kreisprofil;Dorr/Sfar;200;200;105.0;37.0;\\192.168.200.8\Datengrab\Dorr\08-19-04-20\Markt Ronsberg\Ronsberg, diverse Strassen vom 12.11.-15.11.2019\Sichtversion DVD 001\bin\F4MSY_45610202.MPG;241859029;\\192.168.200.8\Datengrab\Dorr\08-19-04-20\Markt Ronsberg\Ronsberg, diverse Strassen vom 12.11.-15.11.2019\Sichtversion DVD 001\bin\MESSDAT\Ronsberg\F4MSY_45610202.kmd
134257;F4RAK_30000502.MPG;00:19:27;22.95;BBCC;;Beton;Kreisprofil;Dorr/Borys;250;250;11.0;154.0;\\192.168.200.8\Datengrab\Dorr\Daten ab 12-2014\TV-Untersuchung\Diringer & Scheidel Rohrsanierung GmbH & Co. KG\Kaufbeuren 2015, vor Sanierung 14.07.-29.09.2015\Sichtversion 001\F4RAK_30000502.MPG;3380457949;\\192.168.200.8\Datengrab\Dorr\Daten ab 12-2014\TV-Untersuchung\Diringer & Scheidel Rohrsanierung GmbH & Co. KG\Kaufbeuren 2015, vor Sanierung 14.07.-29.09.2015\Sichtversion 001\MESSDAT\Stadt_KF\B\F4RAK_30000502.kmd
26701;20R4825I.MPG;00:07:32;24.34;BABBA;;Beton;Kreisprofil;Dorr/Seidl;250;250;82.0;38.0;\\192.168.200.8\Datengrab\Dorr\11-17-12-18\AV Starnberger See\Starnberg RW-Kanal\Starnberg RW-Kanal vom 09.11.2016.-14.12.2017\Sichtversion 001\20R4825I.MPG;3183895100;\\192.168.200.8\Datengrab\Dorr\11-17-12-18\AV Starnberger See\Starnberg RW-Kanal\Starnberg RW-Kanal vom 09.11.2016.-14.12.2017\Sichtversion 001\MESSDAT\Starnber\gRWneu\20R4825I.kmd
78068;320E1I17072019.MPG;00:07:08;19.35;BABBA;;Stahlbeton;Kreisprofil;Gurschler;800;800;;;\\192.168.200.8\Datengrab\Dorr\12-18-08-19\Stadt Ravensburg\Ravensburg, EKVO Eschach Süd vom 14.05.-30.07.2019\digitale Filme\320E1I17072019.MPG;1312930508;\\192.168.200.8\Datengrab\Dorr\12-18-08-19\Stadt Ravensburg\Ravensburg, EKVO Eschach Süd vom 14.05.-30.07.2019\Sichtversion ohne Filme\bin\MESSDAT\Ravensbu\rg2019\320E1I17072019.kmd
123634;F4169132020311.MPG;00:04:03;15.77;BABBA;;Beton;Kreisprofil;Dorr/BeGü;300;300;;;\\192.168.200.8\Datengrab\Dorr\Daten ab 10-2ß15\TV-Untersuchung\Autobahndirektion Südbayern\Autobahnkreuz Ulm-Elchingen vom 22.02.-07.03.2016\Sichtversion 001\F4169132020311.MPG;3964612073;\\192.168.200.8\Datengrab\Dorr\Daten ab 10-2ß15\TV-Untersuchung\Autobahndirektion Südbayern\Autobahnkreuz Ulm-Elchingen vom 22.02.-07.03.2016\Sichtversion 001\MESSDAT\Abd_Sued\bayern\F4169132020311.kmd
122470;AS_MW_163I.MPG;00:02:35;3.05;BABBA;;Stahlbeton;Kreisprofil;Dorr/BeGü;250;250;;;\\192.168.200.8\Datengrab\Dorr\Daten ab 04-2020\TV-Untersuchung\ZV Fuchstalgemeinden\Fuchstal, Asch vom 18.03.-09.04.2020 alt\Sichtversion 001\bin\AS_MW_163I.MPG;3657933089;\\192.168.200.8\Datengrab\Dorr\Daten ab 04-2020\TV-Untersuchung\ZV Fuchstalgemeinden\Fuchstal, Asch vom 18.03.-09.04.2020 alt\Sichtversion 001\bin\MESSDAT\Asch2020\AS_MW_163I.kmd
84281;20R2345I.MPG;00:16:58;20.72;BABBA;;Polypropylen;Kreisprofil;Dorr/BeGü;250;250;;;\\192.168.200.8\Datengrab\Dorr\3-17-11-17\AV Starnberger See\Starnberg RW-Kanal vom 07.11.2016-20.07.2017\Starnberg RW-Kanal vom 07.11.2016-20.07.2017\Daten Wochenweise\Daten vom 13.03.-24.03.2017\Sichtversion 001\20R2345I.MPG;1873121946;\\192.168.200.8\Datengrab\Dorr\3-17-11-17\AV Starnberger See\Starnberg RW-Kanal vom 07.11.2016-20.07.2017\Starnberg RW-Kanal vom 07.11.2016-20.07.2017\Daten Wochenweise\Daten vom 13.03.-24.03.2017\Sichtversion 001\MESSDAT\Starnber\gRW2016\20R2345I.kmd
132546;_8694D__.mpg;00:03:07;13.17;BAJC;;Stahlbeton;;Michael Gurschler;1400;1400;;;\\192.168.200.8\Datengrab\Dorr\Daten ab 10-2ß15\TV-Untersuchung\Stadt Wangen\Wangen vom 07.09.-06.10.2015\Daten TV II\Sichtung\Projects\Stadt Wangen Innenstadt\Video\_8694D__.mpg;3897874388;
65700;S01263I.MPG;00:03:01;23.02;BAJC;;Faserzement;Kreisprofil;Dorr/BeGü;250;250;;;\\192.168.200.8\Datengrab\Dorr\12-18-08-19\GTL Lindau\Lindau, OT Aeschach & Reutin vom 15.10.-22.11.2018\Haltungen\SW-Kanal\S01263I.MPG;221606674;\\192.168.200.8\Datengrab\Dorr\12-18-08-19\GTL Lindau\Lindau, OT Aeschach & Reutin vom 15.10.-22.11.2018\Sichtversion ohne Filme\MESSDAT\Lindau20\18\S01263I.kmd
55855;T1220G.MPG;00:01:28;0.5;BAJC;;Beton;Kreisprofil;Espig/Spaiu;200;200;;;\\192.168.200.8\Datengrab\Dorr\12-18-08-19\AV Bay. Bodenseegemeinden\Bodolz vom 17.12.2018-22.03.2019\Sichtversion 001\T1220G.MPG;3744129457;\\192.168.200.8\Datengrab\Dorr\12-18-08-19\AV Bay. Bodenseegemeinden\Bodolz vom 17.12.2018-22.03.2019\Sichtversion 001\MESSDAT\Bodolz_2\018\T1220G.kmd
108597;F4SC6_47360F03.MPG;00:03:42;2.01;BAJC;;Steinzeug;Kreisprofil;Dorr/Pane;120;120;0.0;0.0;\\192.168.200.8\Datengrab\Dorr\Daten ab 04-2020\TV-Untersuchung\Fa. Qosy GmbH\Kempten, Rathausplatz 11 vom 05.05.2020\Sichtversion DVD 001\bin\F4SC6_47360F03.MPG;1430149978;\\192.168.200.8\Datengrab\Dorr\Daten ab 04-2020\TV-Untersuchung\Fa. Qosy GmbH\Kempten, Rathausplatz 11 vom 05.05.2020\Sichtversion DVD 001\bin\MESSDAT\QosyGmbH\F4SC6_47360F03.kmd
64915;F2R57_43570202.MPG;00:03:23;1.61;BAJC;;Beton;Kreisprofil;Dorr/Meier;600;600;16.0;90.0;\\192.168.200.8\Datengrab\Dorr\12-18-08-19\Gemeindewerke GAP\Garmisch-Partenkirchen, diverse Strassen vom 25.03.-30.04.2019\Sichtversion 001\F2R57_43570202.MPG;3089265478;\\192.168.200.8\Datengrab\Dorr\12-18-08-19\Gemeindewerke GAP\Garmisch-Partenkirchen, diverse Strassen vom 25.03.-30.04.2019\Sichtversion 001\MESSDAT\Garmisch\2019\F2R57_43570202.kmd
25923;29R0630G.MPG;00:06:05;32.35;BAJB;;Beton;Kreisprofil;Dorr/Seidl;150;150;;;\\192.168.200.8\Datengrab\Dorr\11-17-12-18\AV Starnberger See\Starnberg RW-Kanal\Starnberg RW-Kanal vom 09.11.2016.-14.12.2017\Sichtversion 001\29R0630G.MPG;1218671904;\\192.168.200.8\Datengrab\Dorr\11-17-12-18\AV Starnberger See\Starnberg RW-Kanal\Starnberg RW-Kanal vom 09.11.2016.-14.12.2017\Sichtversion 001\MESSDAT\Starnber\gRWneu\29R0630G.kmd
21737;8591RE2G03092019.MPG;00:01:09;0.04;BAJB;;Polyvinylchlorid;Kreisprofil;Gurschler;150;150;;;\\192.168.200.8\Datengrab\Dorr\08-19-04-20\Stadt Ravensburg\Ravensburg, EKVO 2019-2  vom 19.08.-03.09.2019\digitale Filme\8591RE2G03092019.MPG;2418218203;\\192.168.200.8\Datengrab\Dorr\08-19-04-20\Stadt Ravensburg\Ravensburg, EKVO 2019-2  vom 19.08.-03.09.2019\Sichtversion ohne Filme\bin\MESSDAT\Ravensbu\rg19_2\8591RE2G03092019.kmd
55748;S2610I.MPG;00:06:34;17.27;BAJB;;Asbestzement;Kreisprofil;Dorr/BeGü;200;200;;;\\192.168.200.8\Datengrab\Dorr\12-18-08-19\AV Bay. Bodenseegemeinden\Bodolz vom 17.12.2018-22.03.2019\Sichtversion 001\S2610I.MPG;1868093689;\\192.168.200.8\Datengrab\Dorr\12-18-08-19\AV Bay. Bodenseegemeinden\Bodolz vom 17.12.2018-22.03.2019\Sichtversion 001\MESSDAT\Bodolz_2\018\S2610I.kmd
84757;20S4045G.MPG;00:02:45;12.13;BAJB;;Steinzeug;Kreisprofil;Dorr/Seidl;200;200;67.0;67.0;\\192.168.200.8\Datengrab\Dorr\3-17-11-17\AV Starnberger See\Tiefzone vom 20.04.-31.08.2017\Tiefzone Plan 11 vom 27.04.-04.05.2017\Sichtversion 001\20S4045G.MPG;1264291734;\\192.168.200.8\Datengrab\Dorr\3-17-11-17\AV Starnberger See\Tiefzone vom 20.04.-31.08.2017\Tiefzone Plan 11 vom 27.04.-04.05.2017\Sichtversion 001\MESSDAT\Tiefzone\_Pl11\20S4045G.kmd
84364;20R6575I.MPG;00:03:34;10.34;BAJB;;Beton;Kreisprofil;Dorr/BeGü;500;500;;;\\192.168.200.8\Datengrab\Dorr\3-17-11-17\AV Starnberger See\Starnberg RW-Kanal vom 07.11.2016-20.07.2017\Starnberg RW-Kanal vom 07.11.2016-20.07.2017\Daten Wochenweise\Daten vom 18.04.-21.04.2017\Sichtversion 001\20R6575I.MPG;1347730273;\\192.168.200.8\Datengrab\Dorr\3-17-11-17\AV Starnberger See\Starnberg RW-Kanal vom 07.11.2016-20.07.2017\Starnberg RW-Kanal vom 07.11.2016-20.07.2017\Daten Wochenweise\Daten vom 18.04.-21.04.2017\Sichtversion 001\MESSDAT\Starnber\gRW2016\20R6575I.kmd
36247;1379_1380_D_11092018_172023.mpg;00:06:29;45.03;BDDB;Wasserspiegel trüb oder verfärbt;Steinzeug;Kreisprofil;G. Rottmair;200;200;;;\\192.168.200.8\Datengrab\Dorr\11-17-12-18\Gemeinde Hopferau\Hopferau, Thanellerstrasse vom 11.09.2018\Sichtversion DVD 001\1379_1380_D_11092018_172023.mpg;1339662987;
96073;F4SJ1_3490080D.MPG;00:04:42;6.1;BDDB;Wasserspiegel trüb oder verfärbt;Steinzeug;Kreisprofil;Dorr/Alker;300;300;;;\\192.168.200.8\Datengrab\Dorr\Daten ab 04-2016\TV-Untersuchung\KKU Kempten\EÜV Filmung vom 21.11.-20.12.2016\Sichtversion 001\F4SJ1_3490080D.MPG;306233320;
106407;M070000045-M070000050-G.MPG;00:00:39;0.43;BDDB;Wasserspiegel trüb oder verfärbt;Steinzeug;Kreisprofil;Gurschler;600;600;;;\\192.168.200.8\Datengrab\Dorr\Daten ab 04-2020\TV-Untersuchung\Fa. Elektrizitätswerke Reutte AG\Reutte, AR09, AR10 vom 22.06.-29.06.2020\digitale Filme\M070000045-M070000050-G.MPG;1788990068;
4111;F4V5U_45330D04.MPG;00:07:10;26.48;BDDB;Wasserspiegel trüb oder verfärbt;Steinzeug;Kreisprofil;Gurschler;300;300;;;\\192.168.200.8\Datengrab\Dorr\08-19-04-20\Fa. Max Boegl\Sonthofen Deformationsmessung vom 06.10.-25.10.2019\Sichtversion 001\bin\F4V5U_45330D04.MPG;2457563695;\\192.168.200.8\Datengrab\Dorr\08-19-04-20\Fa. Max Boegl\Sonthofen Deformationsmessung vom 06.10.-25.10.2019\Sichtversion 001\bin\MESSDAT\Def-Sont\hofen\F4V5U_45330D04.kmd
100458;AW 1.15I16112016.mpg;00:07:31;27.09;BDDB;Wasserspiegel trüb oder verfärbt;Stahlbeton;Kreisprofil;Michael Gurschler;700;700;;;\\192.168.200.8\Datengrab\Dorr\Daten ab 04-2016\TV-Untersuchung\Stadt Ravensburg\Ravensburg, Weststadt vom 22.09.-16.11.2016\digitale Filme\AW 1.15I16112016.mpg;1994288070;
82637;60R2600I.mpg;00:02:01;2.66;BABBB;;Beton;Kreisprofil;G. Rottmair;300;300;;;\\192.168.200.8\Datengrab\Dorr\3-17-11-17\AV Starnberger See\Bernried vom 19.12.2016-02.06.2017\Bernried RW-Kanal vom 19.12.2016-03.05.2017\Sichtversion 001\60R2600I.mpg;1486317965;
108990;F4U5L_4765030A.MPG;00:06:33;39.18;BABBB;;Beton;Kreisprofil;Dorr/BeGü;400;400;;;\\192.168.200.8\Datengrab\Dorr\Daten ab 04-2020\TV-Untersuchung\Fa. Süd-Planken\A96, München-Lindau, Aitrach vom 03.06.2020\Sichtversion DVD 001\bin\F4U5L_4765030A.MPG;4198273748;\\192.168.200.8\Datengrab\Dorr\Daten ab 04-2020\TV-Untersuchung\Fa. Süd-Planken\A96, München-Lindau, Aitrach vom 03.06.2020\Sichtversion DVD 001\bin\MESSDAT\Südplank\enA96\F4U5L_4765030A.kmd
21975;4601E2I21082019.MPG;00:02:43;8.96;BABBB;;Steinzeug;Kreisprofil;Gurschler;300;300;;;\\192.168.200.8\Datengrab\Dorr\08-19-04-20\Stadt Ravensburg\Ravensburg, EKVO 2019-2  vom 19.08.-03.09.2019\digitale Filme\4601E2I21082019.MPG;3674532913;\\192.168.200.8\Datengrab\Dorr\08-19-04-20\Stadt Ravensburg\Ravensburg, EKVO 2019-2  vom 19.08.-03.09.2019\Sichtversion ohne Filme\bin\MESSDAT\Ravensbu\rg19_2\4601E2I21082019.kmd
103570;_21015D08001212__.mpg;00:00:31;0.0;BABBB;;Beton;Kreisprofil;Dorr/Gurschler;400;400;;;\\192.168.200.8\Datengrab\Dorr\Daten ab 04-2016\TV-Untersuchung\Stadt Wangen\Wangen im Allgäu, div. Ortsteile vom 11.08.-13.09.2016\Sichtversion 001\_21015D08001212__.mpg;3870224636;
143051;F4TBC_29600307.MPG;00:01:49;0.05;BABBB;;Beton;Kreisprofil;Dorr/BeGü;600;600;;;\\192.168.200.8\Datengrab\Dorr\Daten ab 12-2014\TV-Untersuchung\ZVA Obere Amper\Grafrath, Kottgeisering vom 25.06.-02.07.2015\Sichtversion 001\F4TBC_29600307.MPG;1922236856;\\192.168.200.8\Datengrab\Dorr\Daten ab 12-2014\TV-Untersuchung\ZVA Obere Amper\Grafrath, Kottgeisering vom 25.06.-02.07.2015\Sichtversion 001\MESSDAT\ZVA_Ober\e_Amper\F4TBC_29600307.kmd
124548;F4YDG_31950604.MPG;00:11:18;14.8;BCBZD;;Steinzeug;Kreisprofil;Dorr/Espig;400;400;;;\\192.168.200.8\Datengrab\Dorr\Daten ab 10-2ß15\TV-Untersuchung\Fa. Diringer & Scheidel\Kaufbeuren, nach Sanierung vom 11.12.2015-29.02.2016\Sichtversion 002\F4YDG_31950604.MPG;323527362;\\192.168.200.8\Datengrab\Dorr\Daten ab 10-2ß15\TV-Untersuchung\Fa. Diringer & Scheidel\Kaufbeuren, nach Sanierung vom 11.12.2015-29.02.2016\Sichtversion 002\MESSDAT\Stadt_KF\B\F4YDG_31950604.kmd
120214;42250950.MPG;00:08:23;39.7;BCBZD;;Beton;Eiförmig;Dorr/Alker;750;500;;;\\192.168.200.8\Datengrab\Dorr\Daten ab 04-2020\TV-Untersuchung\Stadt Erlangen\Daten KW27\Filme Alker\42250950.MPG;836261198;
15968;20950G.MPG;00:05:37;14.96;BCBZD;;Steinzeug;Kreisprofil;Dorr/Alker;250;250;;;\\192.168.200.8\Datengrab\Dorr\08-19-04-20\KKU Kempten\2020\DVD 002\Kempten, Eich, vom 06.02.-18.02.2020\Haltungen\20950G.MPG;4023878463;
120074;42450151.MPG;00:02:48;11.6;BCBZD;;Beton;Kreisförmig;Dorr/Alker;500;500;;;\\192.168.200.8\Datengrab\Dorr\Daten ab 04-2020\TV-Untersuchung\Stadt Erlangen\Daten KW26\Filme Alker\42450151.MPG;2482589312;
140494;F413RN2901080F.MPG;03:25:18;43.7;BCBZD;;Beton;Kreisförmig;Dorr/Alker;250;250;;;\\192.168.200.8\Datengrab\Dorr\Daten ab 12-2014\TV-Untersuchung\Stadt Kirchheim Teck\2015\Kirchheim unter Teck, Kernstadt, Partielle Sanierung 2008 vom 21.04.-30.04.2015\Sichtversion 001\F413RN2901080F.MPG;3044538750;
52030;F4JUO_40970400.MPG;00:03:50;2.5;BAG;;Steinzeug;Kreisförmig;Dorr/Rinke;200;200;;;\\192.168.200.8\Datengrab\Dorr\11-17-12-18\Stadtwerke Füssen\Füssen, Tiroler Strasse vom 06.08.2018\Sichtversion DVD 001\F4JUO_40970400.MPG;259984987;\\192.168.200.8\Datengrab\Dorr\11-17-12-18\Stadtwerke Füssen\Füssen, Tiroler Strasse vom 06.08.2018\Sichtversion DVD 001\MESSDAT\Füssen20\18\F4JUO_40970400.kmd
136359;F4126T30470811.MPG;00:02:22;5.25;BAG;;Steinzeug;Kreisprofil;Dorr/Alker;500;500;;;\\192.168.200.8\Datengrab\Dorr\Daten ab 12-2014\TV-Untersuchung\KKU 2015\Kempten vom 14.09.-25.09.2015\Sichtversion 001\F4126T30470811.MPG;3131522578;
37061;F4WHR_4044020A.MPG;00:07:09;50.55;BAG;;Steinzeug;Kreisprofil;Dorr/Fazio;300;300;19.0;73.0;\\192.168.200.8\Datengrab\Dorr\11-17-12-18\Gemeinde Riegsee\Riegsee vom 04.06.-07.09.2018\Sichtversion 001\F4WHR_4044020A.MPG;2513382626;\\192.168.200.8\Datengrab\Dorr\11-17-12-18\Gemeinde Riegsee\Riegsee vom 04.06.-07.09.2018\Sichtversion 001\MESSDAT\Riegsee2\018-1\F4WHR_4044020A.kmd
20627;102007G.MPG;00:02:14;1.8;BAG;;Polypropylen;Kreisprofil;Dorr/Seidl;150;150;;;\\192.168.200.8\Datengrab\Dorr\08-19-04-20\Staatliches Bauamt Weilheim\GIZ Feldafing vom 16.08.-04.09.2019\Sichtversion 001\bin\102007G.MPG;1220304970;\\192.168.200.8\Datengrab\Dorr\08-19-04-20\Staatliches Bauamt Weilheim\GIZ Feldafing vom 16.08.-04.09.2019\Sichtversion 001\bin\MESSDAT\GIZFelda\fing\102007G.kmd
4103;F4PU7_45340D01.MPG;00:04:09;13.45;BAG;;Beton;Kreisprofil;Gurschler;300;300;;;\\192.168.200.8\Datengrab\Dorr\08-19-04-20\Fa. Max Boegl\Sonthofen Deformationsmessung vom 06.10.-25.10.2019\Sichtversion 001\bin\F4PU7_45340D01.MPG;1068551591;\\192.168.200.8\Datengrab\Dorr\08-19-04-20\Fa. Max Boegl\Sonthofen Deformationsmessung vom 06.10.-25.10.2019\Sichtversion 001\bin\MESSDAT\Def-Sont\hofen\F4PU7_45340D01.kmd
100235;T2 1.313I06102016.mpg;00:04:52;24.16;BCAGA;unbekannter Anschluss, offen;Nichtidentifizierter Kunststoff;Kreisprofil;Michael Gurschler;300;300;;;\\192.168.200.8\Datengrab\Dorr\Daten ab 04-2016\TV-Untersuchung\Stadt Ravensburg\Ravensburg, Oberzell vom 28.09.-06.10.2016\digitale Filme\T2 1.313I06102016.mpg;1531278811;
132372;_1024D__.mpg;00:09:19;24.1;BCAGA;unbekannter Anschluss, offen;Beton;;Michael Gurschler;500;500;;;\\192.168.200.8\Datengrab\Dorr\Daten ab 10-2ß15\TV-Untersuchung\Stadt Wangen\Wangen vom 07.09.-06.10.2015\Daten TV II\Sichtung\Projects\Stadt Wangen Innenstadt\Video\_1024D__.mpg;785719597;
120262;64050150.MPG;00:05:19;34.3;BCAGA;unbekannter Anschluss, offen;Beton;Eiförmig;Dorr/Akpinar;900;600;;;\\192.168.200.8\Datengrab\Dorr\Daten ab 04-2020\TV-Untersuchung\Stadt Erlangen\Daten KW27\Filme Sfar, Akpinar\64050150.MPG;3478372857;
120064;04250300.MPG;00:01:38;2.5;BCAGA;unbekannter Anschluss, offen;Beton;Eiförmig;Dorr/Alker;750;500;;;\\192.168.200.8\Datengrab\Dorr\Daten ab 04-2020\TV-Untersuchung\Stadt Erlangen\Daten KW26\Filme Alker\04250300.MPG;3803880445;
93359;_OSRK10D09202323__.mpg;00:03:23;4.96;BCAGA;unbekannter Anschluss, offen;Beton;Kreisprofil;Michael Gurschler;200;200;;;\\192.168.200.8\Datengrab\Dorr\Daten ab 04-2016\TV-Untersuchung\Fa. Geiger Kanaltechnik GmbH & Co. KG\Osterzell, Sanierungsabnahme vom 21.11.-22.11.2016\Sichtversion 001\_OSRK10D09202323__.mpg;875716399;
100273;T2 33.20I28092016.mpg;00:10:00;27.9;BCBZZ;;Nichtidentifizierter Kunststoff;Kreisprofil;Michael Gurschler;300;300;;;\\192.168.200.8\Datengrab\Dorr\Daten ab 04-2016\TV-Untersuchung\Stadt Ravensburg\Ravensburg, Oberzell vom 28.09.-06.10.2016\digitale Filme\T2 33.20I28092016.mpg;733627894;
109034;F416PH47560E0F.MPG;00:02:12;7.26;BCBZZ;;Steinzeug;Kreisprofil;Dorr/Seidl;250;250;-50.0;290.0;\\192.168.200.8\Datengrab\Dorr\Daten ab 04-2020\TV-Untersuchung\Fa. ZAK GmbH\Kempten, Deponie Ursulasried vom 25.05.-27.05.2020\Sichtversion 001\bin\F416PH47560E0F.MPG;848463772;\\192.168.200.8\Datengrab\Dorr\Daten ab 04-2020\TV-Untersuchung\Fa. ZAK GmbH\Kempten, Deponie Ursulasried vom 25.05.-27.05.2020\Sichtversion 001\bin\MESSDAT\Deponie_\Ursulas\F416PH47560E0F.kmd
131018;F4M91_31040100.MPG;00:05:08;34.1;BCBZZ;;Polyethylen hoher Dichte;Kreisprofil;Dorr/Möhring;240;240;;;\\192.168.200.8\Datengrab\Dorr\Daten ab 10-2ß15\TV-Untersuchung\Stadt Kaufbeuren, Entsorgung\2015\DVD 256\KF, Peter-Schegg-Str. vom 17,11,2015\Haltungen\F4M91_31040100.MPG;3223401153;
140540;F4P96_28960802.MPG;02:03:11;35.3;BCBZZ;;Stahlbeton;Kreisförmig;Dorr/Alker;400;400;;;\\192.168.200.8\Datengrab\Dorr\Daten ab 12-2014\TV-Untersuchung\Stadt Kirchheim Teck\2015\Kirchheim unter Teck, Kernstadt, Partielle Sanierung 2008 vom 21.04.-30.04.2015\Sichtversion 001\F4P96_28960802.MPG;1175614154;
131297;F4YJ2_31830107.MPG;00:09:52;28.7;BCBZZ;;Beton;Kreisförmig;Dorr/Möhring;250;250;-78.0;339.0;\\192.168.200.8\Datengrab\Dorr\Daten ab 10-2ß15\TV-Untersuchung\Stadt Kirchheim u. Teck\2016\Kirchheim u. Teck, Gewährleistung 2010 offene Sanierung vom 02.02.-12.02.2016\Sichtversion 001\F4YJ2_31830107.MPG;470114046;\\192.168.200.8\Datengrab\Dorr\Daten ab 10-2ß15\TV-Untersuchung\Stadt Kirchheim u. Teck\2016\Kirchheim u. Teck, Gewährleistung 2010 offene Sanierung vom 02.02.-12.02.2016\Sichtversion 001\MESSDAT\Kirchhei\mI2016\F4YJ2_31830107.kmd
105625;F4SKS_47280301.MPG;00:13:11;45.5;BABAA;;Beton;Kreisförmig;Stegnitz;700;700;;;\\192.168.200.8\Datengrab\Dorr\Daten ab 04-2020\TV-Untersuchung\Fa. Allgäu Airport GmbH\Memmingen, Allgäu Airport vom 27.04.-30.04.2020\Sichtversion 001\bin\F4SKS_47280301.MPG;241478008;\\192.168.200.8\Datengrab\Dorr\Daten ab 04-2020\TV-Untersuchung\Fa. Allgäu Airport GmbH\Memmingen, Allgäu Airport vom 27.04.-30.04.2020\Sichtversion 001\bin\MESSDAT\Flughafe\n_MM\F4SKS_47280301.kmd
109896;F412OU4805080B.MPG;00:05:12;20.14;BABAA;;Beton;Kreisprofil;Dorr/Alker;600;600;;;\\192.168.200.8\Datengrab\Dorr\Daten ab 04-2020\TV-Untersuchung\Gemeinde Lauben\Lauben, Ringweg, -str. vom 13.07.-14.07.2020\Sichtversion 001\bin\F412OU4805080B.MPG;3109026211;\\192.168.200.8\Datengrab\Dorr\Daten ab 04-2020\TV-Untersuchung\Gemeinde Lauben\Lauben, Ringweg, -str. vom 13.07.-14.07.2020\Sichtversion 001\bin\MESSDAT\Lauben20\20\F412OU4805080B.kmd
22982;H_56260520.mpg;00:00:59;2.1;BABAA;;Steinzeug;Kreisprofil;M.Mangold;300;300;;;\\192.168.200.8\Datengrab\Dorr\08-19-04-20\Stadt Tübingen\Tübingen EKVO2018 vom\Tübingen 2018~2F1\H_56260520.mpg;2644242532;
22007;411E2I20082019.MPG;00:04:19;15.86;BABAA;;Stahlbeton;Kreisprofil;Gurschler;500;500;;;\\192.168.200.8\Datengrab\Dorr\08-19-04-20\Stadt Ravensburg\Ravensburg, EKVO 2019-2  vom 19.08.-03.09.2019\digitale Filme\411E2I20082019.MPG;916675306;\\192.168.200.8\Datengrab\Dorr\08-19-04-20\Stadt Ravensburg\Ravensburg, EKVO 2019-2  vom 19.08.-03.09.2019\Sichtversion ohne Filme\bin\MESSDAT\Ravensbu\rg19_2\411E2I20082019.kmd
130564;F21A1130700312.MPG;00:05:07;37.32;BABAA;;Stahlbeton;Kreisprofil;Dorr/BeGü;700;700;;;\\192.168.200.8\Datengrab\Dorr\Daten ab 10-2ß15\TV-Untersuchung\Stadt Filderstadt\Filderstadt vom 28.09.-27.10.2015\Sichtversion 001\F21A1130700312.MPG;2214621789;\\192.168.200.8\Datengrab\Dorr\Daten ab 10-2ß15\TV-Untersuchung\Stadt Filderstadt\Filderstadt vom 28.09.-27.10.2015\Sichtversion 001\MESSDAT\Filderst\adt\F21A1130700312.kmd
6611;F4U3C_45600307.MPG;00:00:33;0.0;BAFCE;;Beton;Kreisprofil;Dorr/BeGü;300;300;;;\\192.168.200.8\Datengrab\Dorr\08-19-04-20\Gemeindewerke GAP\Garmisch-Partenkirchen, diverse Strassen vom 11.11.-12.11.2019\Sichtversion DVD 001\bin\F4U3C_45600307.MPG;2631244687;\\192.168.200.8\Datengrab\Dorr\08-19-04-20\Gemeindewerke GAP\Garmisch-Partenkirchen, diverse Strassen vom 11.11.-12.11.2019\Sichtversion DVD 001\bin\MESSDAT\Garmisch\2019\F4U3C_45600307.kmd
105594;F4101P47300306.MPG;00:00:26;0.5;BAFCE;;Beton;Kreisförmig;Stegnitz;500;500;;;\\192.168.200.8\Datengrab\Dorr\Daten ab 04-2020\TV-Untersuchung\Fa. Allgäu Airport GmbH\Memmingen, Allgäu Airport vom 27.04.-30.04.2020\Sichtversion 001\bin\F4101P47300306.MPG;184953082;\\192.168.200.8\Datengrab\Dorr\Daten ab 04-2020\TV-Untersuchung\Fa. Allgäu Airport GmbH\Memmingen, Allgäu Airport vom 27.04.-30.04.2020\Sichtversion 001\bin\MESSDAT\Flughafe\n_MM\F4101P47300306.kmd
103471;_4754D15491515__.mpg;00:13:08;47.0;BAFCE;;Beton;Kreisprofil;Dorr/Gurschler;300;300;;;\\192.168.200.8\Datengrab\Dorr\Daten ab 04-2016\TV-Untersuchung\Stadt Wangen\Wangen im Allgäu, div. Ortsteile vom 11.08.-13.09.2016\Sichtversion 001\_4754D15491515__.mpg;3550393229;
25922;29R0670G.MPG;00:09:27;26.89;BAFCE;;Polypropylen;Kreisprofil;Dorr/Seidl;150;150;;;\\192.168.200.8\Datengrab\Dorr\11-17-12-18\AV Starnberger See\Starnberg RW-Kanal\Starnberg RW-Kanal vom 09.11.2016.-14.12.2017\Sichtversion 001\29R0670G.MPG;2847849266;\\192.168.200.8\Datengrab\Dorr\11-17-12-18\AV Starnberger See\Starnberg RW-Kanal\Starnberg RW-Kanal vom 09.11.2016.-14.12.2017\Sichtversion 001\MESSDAT\Starnber\gRWneu\29R0670G.kmd
55820;T2155I.MPG;00:06:01;46.24;BAFCE;;Beton;Kreisprofil;Dorr/BeGü;250;250;;;\\192.168.200.8\Datengrab\Dorr\12-18-08-19\AV Bay. Bodenseegemeinden\Bodolz vom 17.12.2018-22.03.2019\Sichtversion 001\T2155I.MPG;3457552508;\\192.168.200.8\Datengrab\Dorr\12-18-08-19\AV Bay. Bodenseegemeinden\Bodolz vom 17.12.2018-22.03.2019\Sichtversion 001\MESSDAT\Bodolz_2\018\T2155I.kmd
28158;F4R7K_38200805.MPG;00:04:42;26.1;BCAZA;andere Art des Anschlusses, offen;Stahlbeton;Kreisprofil;Dorr/Alker;500;500;;;\\192.168.200.8\Datengrab\Dorr\11-17-12-18\Fa. Aarsleff Rohrsanierung GmbH\Oberstdorf, Kanalsanierung BA IV 2017 vom 02.11.-03.11.2017\Sichtversion DVD 001\F4R7K_38200805.MPG;2237970784;\\192.168.200.8\Datengrab\Dorr\11-17-12-18\Fa. Aarsleff Rohrsanierung GmbH\Oberstdorf, Kanalsanierung BA IV 2017 vom 02.11.-03.11.2017\Sichtversion DVD 001\MESSDAT\Aarsleff\2017\F4R7K_38200805.kmd
75788;530M215I.MPG;00:08:52;32.63;BCAZA;andere Art des Anschlusses, offen;Beton;Kreisprofil;Dorr/Möhring;300;300;-77.0;282.0;\\192.168.200.8\Datengrab\Dorr\12-18-08-19\Markt Ergolding\Ergolding, Plan 1 - 5 vom 11.06.-04.07.2019\Ergolding, Plan 1 vom 11.06.-14.06.2019\Sichtversion 001\530M215I.MPG;2646874309;\\192.168.200.8\Datengrab\Dorr\12-18-08-19\Markt Ergolding\Ergolding, Plan 1 - 5 vom 11.06.-04.07.2019\Ergolding, Plan 1 vom 11.06.-14.06.2019\Sichtversion 001\MESSDAT\Ergoldin\g2019\530M215I.kmd
99261;F4Q40_33860806.MPG;01:01:44;21.1;BCAZA;andere Art des Anschlusses, offen;Beton;Kreisförmig;Dorr/Alker;400;400;;;\\192.168.200.8\Datengrab\Dorr\Daten ab 04-2016\TV-Untersuchung\Stadt Kirchheim u. Teck\2016\Kirchheim, Jesingen vom 22.08.-01.09.2016\Sichtversion 001\F4Q40_33860806.MPG;2694771182;
141447;F415IP2866080C.MPG;02:08:56;23.1;BCAZA;andere Art des Anschlusses, offen;Beton;Kreisförmig;Dorr/Alker;250;250;;;\\192.168.200.8\Datengrab\Dorr\Daten ab 12-2014\TV-Untersuchung\Stadt Kirchheim Teck\2015\Kirchheim unter Teck, Rossberg-, Tannenbergstrasse vom 24.03.-26.03.2015\Sichtversion DVD 001\F415IP2866080C.MPG;2297170651;
51644;F4KUR_41330801.MPG;00:06:13;21.27;BCAZA;andere Art des Anschlusses, offen;Beton;Kreisprofil;Dorr/Alker;250;250;;;\\192.168.200.8\Datengrab\Dorr\11-17-12-18\Stadt Wangen\Wangen vom 04.09.-19.09.2018\Sichtversion 001\F4KUR_41330801.MPG;2921898538;\\192.168.200.8\Datengrab\Dorr\11-17-12-18\Stadt Wangen\Wangen vom 04.09.-19.09.2018\Sichtversion 001\MESSDAT\Wangen20\18\F4KUR_41330801.kmd
1740;10-44.1ASG110320.MPG;00:02:17;8.96;BCBZC;;Steinzeug;Kreisprofil;Dorr/Rinke;200;200;;;\\192.168.200.8\Datengrab\Dorr\08-19-04-20\Fa. Boehringer\2020\Boehringer Werksgelände, Infra, Zyklus 2 vom 09.03.-13.03.2020\Sichtversion 001\bin\10-44.1ASG110320.MPG;294011288;\\192.168.200.8\Datengrab\Dorr\08-19-04-20\Fa. Boehringer\2020\Boehringer Werksgelände, Infra, Zyklus 2 vom 09.03.-13.03.2020\Sichtversion 001\bin\MESSDAT\Boe_Infr\a_2020\10-44.1ASG110320.kmd
78494;K 5.15I20052019.MPG;00:00:28;0.0;BCBZC;;Beton;Kreisprofil;Gurschler;250;250;;;\\192.168.200.8\Datengrab\Dorr\12-18-08-19\Stadt Ravensburg\Ravensburg, Schussensiedlung vom 20.05.-27.05.2019\digitale Filme\K 5.15I20052019.MPG;148637058;\\192.168.200.8\Datengrab\Dorr\12-18-08-19\Stadt Ravensburg\Ravensburg, Schussensiedlung vom 20.05.-27.05.2019\Sichtversion ohne Filme\MESSDAT\GASchuss\ensiedl\K 5.15I20052019.kmd
105929;H-20.1.1ARG030620.MPG;00:00:18;0.0;BCBZC;;Polyethylen hoher Dichte;Kreisprofil;Dorr/Rinke;200;200;;;\\192.168.200.8\Datengrab\Dorr\Daten ab 04-2020\TV-Untersuchung\Fa. Boehringer\2020\Boehringer Werksgelände, Geb. G71 vom 03.06.-04.06.2020\Sichtversion 001\bin\H-20.1.1ARG030620.MPG;1023075411;\\192.168.200.8\Datengrab\Dorr\Daten ab 04-2020\TV-Untersuchung\Fa. Boehringer\2020\Boehringer Werksgelände, Geb. G71 vom 03.06.-04.06.2020\Sichtversion 001\bin\MESSDAT\Boehring\2020GS\H-20.1.1ARG030620.kmd
22281;KM07805G.MPG;00:02:28;4.4;BCBZC;;Steinzeug;;Alker;300;300;;;\\192.168.200.8\Datengrab\Dorr\08-19-04-20\Stadt Tuttlingen\Tuttlingen, EKVO 2019 vom 01.07.-25.07.2019, 1. AR\Sichtversion 001\bin\KM07805G.MPG;1143163613;\\192.168.200.8\Datengrab\Dorr\08-19-04-20\Stadt Tuttlingen\Tuttlingen, EKVO 2019 vom 01.07.-25.07.2019, 1. AR\Sichtversion 001\bin\MESSDAT\Tuttling\en2019\KM07805G.kmd
64196;F4MNT_42040203.MPG;00:04:05;11.13;BCBZC;;Beton;Kreisprofil;Dorr/Fazio;200;200;67.0;70.0;\\192.168.200.8\Datengrab\Dorr\12-18-08-19\Gemeinde Lauben\Lauben, Stielings vom 19.11.-11.12.2018\Sichtversion 001\F4MNT_42040203.MPG;808973394;\\192.168.200.8\Datengrab\Dorr\12-18-08-19\Gemeinde Lauben\Lauben, Stielings vom 19.11.-11.12.2018\Sichtversion 001\MESSDAT\Lauben_S\tieling\F4MNT_42040203.kmd
134058;F41CEK3036050F.MPG;00:02:29;0.03;BABBC;;Beton;Kreisprofil;Dorr/Borys;400;400;32.0;33.0;\\192.168.200.8\Datengrab\Dorr\Daten ab 12-2014\TV-Untersuchung\DB Bahnbau Gruppe GmbH\GA Krumbach - Pfaffenhausen, km 28,136 - 31,214 vom 10.09.2015\Sichtversion DVD 001\F41CEK3036050F.MPG;2663629375;\\192.168.200.8\Datengrab\Dorr\Daten ab 12-2014\TV-Untersuchung\DB Bahnbau Gruppe GmbH\GA Krumbach - Pfaffenhausen, km 28,136 - 31,214 vom 10.09.2015\Sichtversion DVD 001\MESSDAT\DB_Bahnb\au\F41CEK3036050F.kmd
94833;F2UR6_34350502.MPG;00:03:04;3.9;BABBC;;Beton;Kreisprofil;Dorr/Seidl;250;250;13.0;30.0;\\192.168.200.8\Datengrab\Dorr\Daten ab 04-2016\TV-Untersuchung\Gemeinde Seefeld\Seefeld, OT Unering vom 12.10.-14.10.2016\Sichtversion DVD 001\F2UR6_34350502.MPG;3875728885;\\192.168.200.8\Datengrab\Dorr\Daten ab 04-2016\TV-Untersuchung\Gemeinde Seefeld\Seefeld, OT Unering vom 12.10.-14.10.2016\Sichtversion DVD 001\MESSDAT\Seefeld_\2016\F2UR6_34350502.kmd
79882;F4PKP_36990302.MPG;00:02:53;23.74;BABBC;;Polypropylen;Bogenförmig (kreisförmiger Scheitel und flache Sohle mit parallelen Wänden);Dorr/BeGü;250;250;;;\\192.168.200.8\Datengrab\Dorr\3-17-11-17\Abd Südbayern\A7 Vöhringen vom 26.06.-24.08.2017\Sichtversion 001\F4PKP_36990302.MPG;2523858614;\\192.168.200.8\Datengrab\Dorr\3-17-11-17\Abd Südbayern\A7 Vöhringen vom 26.06.-24.08.2017\Sichtversion 001\MESSDAT\Abd_Sued\bayern\F4PKP_36990302.kmd
133679;F4TX3_27640404.MPG;00:03:05;25.61;BABBC;;Steinzeug;Kreisprofil;Dorr/Rinke;200;200;;;\\192.168.200.8\Datengrab\Dorr\Daten ab 12-2014\TV-Untersuchung\Allgäu Airport GmbH & Co. KG\Memmingen, Allgäu Airport vom 10.12.-18.12.2014\Sichtversion DVD 001\F4TX3_27640404.MPG;3540589024;\\192.168.200.8\Datengrab\Dorr\Daten ab 12-2014\TV-Untersuchung\Allgäu Airport GmbH & Co. KG\Memmingen, Allgäu Airport vom 10.12.-18.12.2014\Sichtversion DVD 001\MESSDAT\AllgäuAi\rport\F4TX3_27640404.kmd
114961;F4TTX_4758080E.MPG;00:11:38;39.84;BABBC;;Steinzeug;Kreisprofil;Dorr/Alker;200;200;;;\\192.168.200.8\Datengrab\Dorr\Daten ab 04-2020\TV-Untersuchung\Markt Weitnau\Weitnau, Kleinweiler-Hofen vom 11.05.-03.06.2020\Sichtversion 001\bin\F4TTX_4758080E.MPG;2680776794;\\192.168.200.8\Datengrab\Dorr\Daten ab 04-2020\TV-Untersuchung\Markt Weitnau\Weitnau, Kleinweiler-Hofen vom 11.05.-03.06.2020\Sichtversion 001\bin\MESSDAT\Weitnau2\020\F4TTX_4758080E.kmd
100593;AW 1.611I24102016.mpg;00:14:03;46.83;BCABA;Sattelanschluss - Loch gebohrt, offen;Stahlbeton;Kreisprofil;Michael Gurschler;300;300;;;\\192.168.200.8\Datengrab\Dorr\Daten ab 04-2016\TV-Untersuchung\Stadt Ravensburg\Ravensburg, Weststadt vom 22.09.-16.11.2016\digitale Filme\AW 1.611I24102016.mpg;368215995;
78052;1638E1I17072019.MPG;00:01:29;1.1;BCABA;Sattelanschluss - Loch gebohrt, offen;Stahlbeton;Kreisprofil;Gurschler;300;300;;;\\192.168.200.8\Datengrab\Dorr\12-18-08-19\Stadt Ravensburg\Ravensburg, EKVO Eschach Süd vom 14.05.-30.07.2019\digitale Filme\1638E1I17072019.MPG;1694473619;\\192.168.200.8\Datengrab\Dorr\12-18-08-19\Stadt Ravensburg\Ravensburg, EKVO Eschach Süd vom 14.05.-30.07.2019\Sichtversion ohne Filme\bin\MESSDAT\Ravensbu\rg2019\1638E1I17072019.kmd
2152;F4ONO_45810600.MPG;00:01:11;1.0;BCABA;Sattelanschluss - Loch gebohrt, offen;Mauerwerk;Eiförmig;Spaiu/Espig;1800;1380;;;\\192.168.200.8\Datengrab\Dorr\08-19-04-20\Fa. ISAS GmbH\Mainz, Begehung Rheinallee vom 02.12.-03.12.2019\Sichtversion DVD 001\bin\F4ONO_45810600.MPG;3532605810;\\192.168.200.8\Datengrab\Dorr\08-19-04-20\Fa. ISAS GmbH\Mainz, Begehung Rheinallee vom 02.12.-03.12.2019\Sichtversion DVD 001\bin\MESSDAT\ISAS-Mai\nz_19\F4ONO_45810600.kmd
131283;F4QWO_31840104.MPG;00:03:44;21.3;BCABA;Sattelanschluss - Loch gebohrt, offen;Stahlbeton;Kreisförmig;Dorr/Möhring;400;400;48.0;6.0;\\192.168.200.8\Datengrab\Dorr\Daten ab 10-2ß15\TV-Untersuchung\Stadt Kirchheim u. Teck\2016\Kirchheim u. Teck, Gewährleistung 2010 Gänskragen vom 04.02.-12.02.2016\Sichtversion 001\F4QWO_31840104.MPG;2396357094;\\192.168.200.8\Datengrab\Dorr\Daten ab 10-2ß15\TV-Untersuchung\Stadt Kirchheim u. Teck\2016\Kirchheim u. Teck, Gewährleistung 2010 Gänskragen vom 04.02.-12.02.2016\Sichtversion 001\MESSDAT\Kirchhei\m2016\F4QWO_31840104.kmd
23163;H_57280150.mpg;00:02:39;14.1;BCABA;Sattelanschluss - Loch gebohrt, offen;Steinzeug;Kreisprofil;M. Mangold;300;300;;;\\192.168.200.8\Datengrab\Dorr\08-19-04-20\Stadt Tübingen\Tübingen EKVO2018 vom\Tübingen 2018~2F1\H_57280150.mpg;4076436046;
36963;F4WYL_40520207.MPG;00:04:14;16.55;BAP;;Beton;Kreisprofil;Dorr/Fazio;300;300;102.0;119.0;\\192.168.200.8\Datengrab\Dorr\11-17-12-18\Gemeinde Riegsee\Riegsee vom 04.06.-07.09.2018\Sichtversion 001\F4WYL_40520207.MPG;3841508093;\\192.168.200.8\Datengrab\Dorr\11-17-12-18\Gemeinde Riegsee\Riegsee vom 04.06.-07.09.2018\Sichtversion 001\MESSDAT\Riegsee2\018-1\F4WYL_40520207.kmd
138435;F417UY30080313.MPG;00:07:00;16.7;BAP;;Steinzeug;Kreisförmig;Dorr/BeGü;250;250;;;\\192.168.200.8\Datengrab\Dorr\Daten ab 12-2014\TV-Untersuchung\Stadt Altensteig\Altensteig vom 03.08.-17.09.2015\Sichtversion 001\F417UY30080313.MPG;3792688872;\\192.168.200.8\Datengrab\Dorr\Daten ab 12-2014\TV-Untersuchung\Stadt Altensteig\Altensteig vom 03.08.-17.09.2015\Sichtversion 001\MESSDAT\Altenste\ig2015\F417UY30080313.kmd
37589;6R0252_6R0252_6R0253_D_07122017_111059.mpg;00:00:57;0.3;BAP;;Stahlbeton;Kreisprofil;G. Rottmair;800;800;;;\\192.168.200.8\Datengrab\Dorr\11-17-12-18\Gemeinde Schemmerhofen\Schemmerberg, diverse Strassen vom 13.11.2017-03.05.2018\Sichtversion 001\6R0252_6R0252_6R0253_D_07122017_111059.mpg;516604508;
26347;20R5095I.MPG;00:35:00;42.18;BAP;;Beton;Kreisprofil;Dorr/BeGü;300;300;;;\\192.168.200.8\Datengrab\Dorr\11-17-12-18\AV Starnberger See\Starnberg RW-Kanal\Starnberg RW-Kanal vom 09.11.2016.-14.12.2017\Sichtversion 001\20R5095I.MPG;3049508544;\\192.168.200.8\Datengrab\Dorr\11-17-12-18\AV Starnberger See\Starnberg RW-Kanal\Starnberg RW-Kanal vom 09.11.2016.-14.12.2017\Sichtversion 001\MESSDAT\Starnber\gRWneu\20R5095I.kmd
15586;F412YC46930308.MPG;00:08:07;35.3;BAP;;Steinzeug;Kreisprofil;Dorr/BeGü;250;250;;;\\192.168.200.8\Datengrab\Dorr\08-19-04-20\KKU EÜV 2018\Kempten, EÜV 2018, Nachuntersuchung vom 20.03.-26.03.2020\Sichtversion 001\bin\F412YC46930308.MPG;1999215169;\\192.168.200.8\Datengrab\Dorr\08-19-04-20\KKU EÜV 2018\Kempten, EÜV 2018, Nachuntersuchung vom 20.03.-26.03.2020\Sichtversion 001\bin\MESSDAT\KKUEÜV20\18\F412YC46930308.kmd
